Time (s),Temp (C),Degree of Cure,Cure Rate
59.02002,90.112,0.01,
60.0198,90.1129,0.010188858,0.000190808
61.02,90.1126,0.010380508,0.000193547
62.0202,90.113,0.010575166,0.000196586
63.0198,90.1136,0.01077253,0.000199437
64.02,90.1133,0.010972547,0.000201997
65.0202,90.1134,0.011175301,0.000204761
66.0198,90.1139,0.01138132,0.000208183
67.02,90.1145,0.01159055,0.000211301
68.0202,90.1143,0.011802194,0.00021374
69.0198,90.1144,0.012017631,0.0002177
70.02,90.1149,0.012235824,0.000220353
71.0202,90.1149,0.01245685,0.000223214
72.0198,90.115,0.012680126,0.000225622
73.02,90.1157,0.012906592,0.000228708
74.0202,90.1155,0.01313584,0.000231517
75.0198,90.1158,0.013367603,0.000234197
76.02,90.1163,0.013602306,0.000237027
77.0202,90.1157,0.013839423,0.000239464
78.0198,90.1161,0.014079568,0.000242667
79.02,90.1166,0.014322238,0.000245072
80.0202,90.1169,0.014567135,0.000247321
81.0198,90.117,0.01481486,0.000250328
82.02,90.1173,0.015065446,0.000253066
83.0202,90.1176,0.015318569,0.000255629
84.0198,90.1174,0.015573862,0.000257974
85.02,90.1181,0.015831701,0.000260391
86.0202,90.1182,0.016091812,0.000262686
87.0198,90.1185,0.016354378,0.000265324
88.02,90.1181,0.016619914,0.000268165
89.0202,90.119,0.016888018,0.000270758
90.0198,90.1188,0.017158173,0.000272993
91.02,90.1189,0.017430762,0.000275287
92.0202,90.1192,0.017705778,0.000277738
93.0198,90.1194,0.017982932,0.000280066
94.02,90.1194,0.018262478,0.000282313
95.0202,90.1192,0.018544361,0.000284673
96.0198,90.1197,0.018828507,0.000287131
97.02,90.1203,0.019115402,0.000289734
98.0202,90.1203,0.019404774,0.000292237
99.0198,90.1206,0.019696408,0.000294698
100.02,90.1205,0.019990446,0.000296949
101.0202,90.1206,0.020286648,0.000299134
102.0198,90.1207,0.020585134,0.000301622
103.02,90.121,0.020886061,0.000303906
104.0202,90.1209,0.021189057,0.000305995
105.0198,90.1215,0.021494006,0.000308153
106.02,90.1215,0.021801473,0.000310511
107.0202,90.1219,0.022111505,0.000313101
108.0198,90.122,0.022424002,0.00031578
109.02,90.122,0.022738841,0.000317956
110.0202,90.1223,0.023055895,0.000320193
111.0198,90.1222,0.023374799,0.000322254
112.02,90.1222,0.023695959,0.00032434
113.0202,90.1225,0.024019185,0.000326425
114.0198,90.1223,0.024344257,0.000328487
115.02,90.1229,0.024671625,0.000330608
116.0202,90.1231,0.025001091,0.000332727
117.0198,90.1232,0.025332809,0.000335203
118.02,90.1232,0.025666698,0.000337194
119.0202,90.1237,0.026002511,0.000339137
120.0198,90.1238,0.026340002,0.000341037
121.02,90.1236,0.02667961,0.000342969
122.0202,90.124,0.02702105,0.00034482
123.0198,90.1237,0.027364154,0.000346709
124.02,90.1244,0.027709377,0.00034864
125.0202,90.1244,0.028056447,0.000350505
126.0198,90.1243,0.028405165,0.000352382
127.02,90.1248,0.028755975,0.000354282
128.0202,90.1246,0.029108605,0.000356121
129.0198,90.1248,0.029462826,0.000357943
130.02,90.1248,0.029819018,0.000359717
131.0202,90.1246,0.030176973,0.000361499
132.0198,90.125,0.030536506,0.00036331
133.02,90.1254,0.030897962,0.000365035
134.0202,90.1253,0.031261087,0.00036672
135.0198,90.1256,0.031625713,0.000368457
136.02,90.1257,0.031992274,0.000370189
137.0202,90.126,0.032360504,0.000371875
138.0198,90.1261,0.032730168,0.000373548
139.02,90.1266,0.033101721,0.00037523
140.0202,90.1265,0.033474857,0.000376831
141.0198,90.1264,0.033849374,0.000378451
142.02,90.1266,0.034225627,0.000379978
143.0202,90.1263,0.034603437,0.00038155
144.0198,90.1268,0.03498261,0.000383156
145.02,90.1269,0.035363486,0.000384646
146.0202,90.1267,0.035745877,0.000386176
147.0198,90.1264,0.036129595,0.00038775
148.02,90.127,0.036514995,0.000389215
149.0202,90.1272,0.036901791,0.000390625
150.0198,90.1275,0.037289773,0.000392058
151.02,90.1273,0.037679372,0.000393456
152.0202,90.1273,0.038070383,0.000394882
153.0198,90.1272,0.038462532,0.000396269
154.02,90.1275,0.038856243,0.000397608
155.0202,90.1277,0.039251229,0.000398896
156.0198,90.1279,0.0396473,0.000400232
157.02,90.1279,0.040044841,0.000401476
158.0202,90.1282,0.040443648,0.000402755
159.0198,90.1282,0.040843425,0.000403977
160.02,90.1282,0.041244667,0.000405213
161.0202,90.128,0.041647126,0.000406443
162.0198,90.128,0.042050517,0.000407628
163.02,90.1285,0.042455333,0.000408823
164.0202,90.1285,0.04286134,0.000410027
165.0198,90.1284,0.043268234,0.000411169
166.02,90.1289,0.043676602,0.00041241
167.0202,90.1282,0.044086125,0.000413577
168.0198,90.1283,0.044496636,0.000414823
169.02,90.1286,0.044908519,0.000415961
170.0202,90.1287,0.045321483,0.000417051
171.0198,90.129,0.045735197,0.000418061
172.02,90.1291,0.046150219,0.00041913
173.0202,90.1294,0.046566193,0.000420092
174.0198,90.1295,0.0469829,0.000421084
175.02,90.1291,0.047400787,0.000422023
176.0202,90.1291,0.04781969,0.00042305
177.0198,90.1289,0.048239293,0.000424011
178.02,90.1291,0.048660073,0.000424945
179.0202,90.1292,0.04908176,0.000425861
180.0198,90.1292,0.049504126,0.000426803
181.02,90.1294,0.049927621,0.000427687
182.0202,90.1296,0.050352015,0.000428595
183.0198,90.1296,0.050776951,0.0004294
184.02,90.1298,0.051202968,0.000430234
185.0202,90.13,0.051629815,0.000431072
186.0198,90.1299,0.052057209,0.000431884
187.02,90.1301,0.052485685,0.000432717
188.0202,90.13,0.052914992,0.000433557
189.0198,90.1299,0.053344854,0.000434378
190.02,90.1303,0.053775789,0.000435201
191.0202,90.1304,0.0542075,0.000435985
192.0198,90.1304,0.05463977,0.00043681
193.02,90.1303,0.055073162,0.000437683
194.0202,90.1305,0.055507339,0.000438475
195.0198,90.1306,0.055942,0.000439227
196.02,90.1307,0.056377659,0.000439972
197.0202,90.1306,0.056814089,0.00044075
198.0198,90.1306,0.05725111,0.000441612
199.02,90.1302,0.057689174,0.0004424
200.0202,90.1306,0.058128072,0.000443243
201.0198,90.1305,0.058567439,0.000443983
202.02,90.1307,0.059007885,0.000444805
203.0202,90.1308,0.059449199,0.000445683
204.0198,90.131,0.059891015,0.000446457
205.02,90.1308,0.060333899,0.000447268
206.0202,90.1307,0.060777557,0.00044805
207.0198,90.1309,0.061221715,0.000448824
208.02,90.131,0.061666899,0.00044959
209.0202,90.1306,0.06211291,0.000450426
210.0198,90.1312,0.062559483,0.000451265
211.02,90.1314,0.063007061,0.000452008
212.0202,90.1313,0.063455452,0.000452831
213.0198,90.1313,0.063904424,0.000453688
214.02,90.1316,0.064354428,0.000454458
215.0202,90.1315,0.064805183,0.000455217
216.0198,90.1315,0.065256475,0.000456033
217.02,90.1316,0.065708866,0.000456869
218.0202,90.1319,0.066162092,0.000457712
219.0198,90.132,0.066615932,0.000458608
220.02,90.132,0.06707092,0.000459493
221.0202,90.1319,0.067526803,0.000460395
222.0198,90.1322,0.067983355,0.000461349
223.02,90.1319,0.068441131,0.000462307
224.0202,90.1325,0.068899812,0.000463221
225.0198,90.1325,0.069359143,0.000464157
226.02,90.1328,0.069819729,0.000465145
227.0202,90.1329,0.070281274,0.000466114
228.0198,90.1328,0.070743504,0.000467085
229.02,90.1328,0.071207002,0.000468086
230.0202,90.133,0.071671579,0.000469175
231.0198,90.1335,0.072136947,0.000470257
232.02,90.1331,0.07260367,0.000471343
233.0202,90.133,0.073071578,0.00047254
234.0198,90.1335,0.073540297,0.000473643
235.02,90.1335,0.074010443,0.0004748
236.0202,90.1339,0.07448178,0.000476003
237.0198,90.134,0.07495403,0.000477212
238.02,90.1341,0.075427732,0.000478391
239.0202,90.1339,0.075902697,0.000479667
240.0198,90.1342,0.07637874,0.000481044
241.02,90.134,0.076856352,0.000482339
242.0202,90.1343,0.077335418,0.000483808
243.0198,90.1342,0.077815442,0.000485067
244.02,90.135,0.078297282,0.00048661
245.0202,90.135,0.078780616,0.000488118
246.0198,90.1348,0.079265049,0.000489522
247.02,90.1351,0.079751232,0.000490996
248.0202,90.1354,0.080238863,0.000492458
249.0198,90.1355,0.080727687,0.00049396
250.02,90.1356,0.081218328,0.000495498
251.0202,90.1357,0.081710681,0.000497226
252.0198,90.1356,0.082204334,0.000498839
253.02,90.1359,0.082699954,0.000500526
254.0202,90.1358,0.083197165,0.000502133
255.0198,90.1361,0.083695731,0.000503803
256.02,90.1366,0.084196326,0.00050555
257.0202,90.1367,0.084698623,0.000507269
258.0198,90.1366,0.085202434,0.000509104
259.02,90.1368,0.085708448,0.000511023
260.0202,90.1372,0.086216298,0.000512877
261.0198,90.1372,0.086725741,0.000514796
262.02,90.1377,0.087237471,0.000516795
263.0202,90.138,0.087751119,0.000518733
264.0198,90.1378,0.088266426,0.00052072
265.02,90.1381,0.088784233,0.000522933
266.0202,90.1385,0.089304074,0.000524987
267.0198,90.1388,0.08982578,0.000527187
268.02,90.1388,0.090349936,0.000529344
269.0202,90.1388,0.090876547,0.000531825
270.0198,90.1394,0.091405696,0.000534708
271.02,90.1394,0.091937458,0.000537025
272.0202,90.1395,0.092471908,0.000539741
273.0198,90.1395,0.093009162,0.000542897
274.02,90.1397,0.093549319,0.000545505
275.0202,90.1403,0.094093153,0.000549217
276.0198,90.1402,0.094639432,0.000552018
277.02,90.1406,0.095189823,0.000555839
278.0202,90.1412,0.09574322,0.000558875
279.0198,90.1414,0.096299123,0.000561743
280.02,90.1416,0.096858209,0.00056462
281.0202,90.1416,0.097419926,0.000567278
282.0198,90.1422,0.097984676,0.000570682
283.02,90.1423,0.098552953,0.000573903
284.0202,90.143,0.099124864,0.000577572
285.0198,90.1432,0.099699541,0.000580715
286.02,90.1434,0.100278829,0.000585022
287.0202,90.1434,0.100861645,0.000588585
288.0198,90.1439,0.101447921,0.000592435
289.02,90.1441,0.102037324,0.000595238
290.0202,90.1445,0.102631878,0.00060044
291.0198,90.1445,0.103230733,0.000605146
292.02,90.1446,0.103834912,0.000610159
293.0202,90.1452,0.104443078,0.000614187
294.0198,90.1452,0.10505444,0.000617785
295.02,90.1455,0.105671548,0.000623217
296.0202,90.146,0.106293074,0.000627678
297.0198,90.1463,0.106919286,0.000632791
298.02,90.1469,0.107549587,0.000636541
299.0202,90.1468,0.108185281,0.000641987
300.0198,90.1474,0.108825776,0.000647224
301.02,90.1475,0.109470388,0.000650993
302.0202,90.1486,0.110119489,0.000655526
303.0198,90.1484,0.110773441,0.000660822
304.02,90.149,0.111433358,0.00066645
305.0202,90.1492,0.112098177,0.0006714
306.0198,90.1491,0.112768031,0.000676891
307.02,90.1497,0.113443764,0.000682422
308.0202,90.1502,0.114124146,0.000687118
309.0198,90.1508,0.114809097,0.000692146
310.02,90.1513,0.115500031,0.000697774
311.0202,90.1515,0.116196687,0.000703552
312.0198,90.1522,0.116898205,0.000708887
313.02,90.1526,0.117605356,0.00071415
314.0202,90.153,0.11831753,0.000719224
315.0198,90.1531,0.119034983,0.00072499
316.02,90.1537,0.119758207,0.000730383
317.0202,90.154,0.120487385,0.000736396
318.0198,90.1544,0.12122287,0.000743212
319.02,90.1546,0.121964441,0.000748912
320.0202,90.155,0.122712825,0.000755792
321.0198,90.1558,0.123466698,0.000761792
322.02,90.1562,0.124226725,0.000767551
323.0202,90.1562,0.124993443,0.000774308
324.0198,90.1569,0.125766362,0.000781038
325.02,90.1571,0.126545253,0.000786601
326.0202,90.1579,0.127329426,0.000791936
327.0198,90.1584,0.12811959,0.000798464
328.02,90.1588,0.12891695,0.000805254
329.0202,90.1595,0.129719787,0.000810784
330.0198,90.1597,0.130529455,0.000818173
331.02,90.1602,0.131346176,0.000824806
332.0202,90.1607,0.132168955,0.000830924
333.0198,90.1614,0.132997681,0.000837432
334.02,90.1616,0.13383437,0.000844971
335.0202,90.162,0.134678234,0.000852217
336.0198,90.1626,0.135527652,0.000858341
337.02,90.1631,0.13638438,0.000865209
338.0202,90.1636,0.137247301,0.000871463
339.0198,90.1642,0.138116823,0.000878657
340.02,90.1649,0.138994449,0.000886313
341.0202,90.1656,0.139879171,0.000893481
342.0198,90.1661,0.140769192,0.00089937
343.02,90.167,0.141666527,0.000906218
344.0202,90.1675,0.142571321,0.000913751
345.0198,90.1677,0.143483413,0.000921675
346.02,90.1683,0.144403131,0.000928822
347.0202,90.169,0.145329714,0.000935755
348.0198,90.169,0.146261724,0.000941801
349.02,90.1696,0.147202166,0.000949751
350.0202,90.17,0.148150537,0.00095776
351.0198,90.1707,0.149105175,0.000964666
352.02,90.1714,0.150067657,0.00097201
353.0202,90.1718,0.151036894,0.000978832
354.0198,90.1723,0.152013089,0.000986449
355.02,90.1729,0.152997198,0.000993851
356.0202,90.1734,0.153987901,0.00100051
357.0198,90.174,0.154985039,0.001007612
358.02,90.1746,0.155990292,0.001015204
359.0202,90.1755,0.157002926,0.001022658
360.0198,90.1757,0.158022026,0.001029806
361.02,90.1767,0.159049029,0.001037169
362.0202,90.177,0.160082645,0.001043848
363.0198,90.1779,0.161122327,0.001050604
364.02,90.1782,0.16217026,0.001058307
365.0202,90.1788,0.163225749,0.001065937
366.0198,90.1792,0.164288297,0.001073711
367.02,90.1798,0.165357658,0.001079946
368.0202,90.1804,0.166434457,0.001087459
369.0198,90.1813,0.167518182,0.001095109
370.02,90.1817,0.168608982,0.001101598
371.0202,90.1821,0.169707681,0.001109574
372.0198,90.1827,0.170812819,0.001116748
373.02,90.1836,0.171925228,0.00112342
374.0202,90.1836,0.173044075,0.001129923
375.0198,90.1845,0.174168957,0.001136699
376.02,90.1852,0.175301475,0.001143729
377.0202,90.1853,0.176441116,0.001150923
378.0198,90.1863,0.177587729,0.001158658
379.02,90.1865,0.178741093,0.001164782
380.0202,90.1877,0.17990138,0.001171773
381.0198,90.1883,0.181067677,0.001178549
382.02,90.1886,0.182241907,0.001185854
383.0202,90.189,0.18342348,0.001193269
384.0198,90.1895,0.18461012,0.001199106
385.02,90.1893,0.185804821,0.001206528
386.0202,90.1901,0.187006006,0.001213076
387.0198,90.1908,0.188212912,0.001219584
388.02,90.191,0.189427691,0.001226804
389.0202,90.1916,0.190648695,0.001233091
390.0198,90.1925,0.191875189,0.001239378
391.02,90.1931,0.19310867,0.001245691
392.0202,90.1937,0.194348654,0.001252259
393.0198,90.1939,0.195593483,0.001257907
394.02,90.195,0.196844833,0.001263737
395.0202,90.1948,0.198102505,0.001270122
396.0198,90.1955,0.199365593,0.001276357
397.02,90.1958,0.200635613,0.001282592
398.0202,90.1963,0.201912665,0.001289694
399.0198,90.1969,0.20319476,0.001295564
400.02,90.197,0.204483049,0.001301042
401.0202,90.1977,0.205777557,0.001307322
402.0198,90.198,0.207077336,0.001313433
403.02,90.1986,0.208383758,0.001319355
404.0202,90.199,0.209696097,0.001325329
405.0198,90.2001,0.211012733,0.001330468
406.02,90.2004,0.212334552,0.001334903
407.0202,90.2008,0.213662053,0.001340642
408.0198,90.2009,0.214995535,0.00134749
409.02,90.2015,0.216334518,0.001352238
410.0202,90.202,0.217678926,0.001357716
411.0198,90.2021,0.219027756,0.001362999
412.02,90.2028,0.220382593,0.001368249
413.0202,90.2025,0.221742926,0.001373799
414.0198,90.2031,0.22310791,0.001379323
415.02,90.2035,0.224478324,0.00138398
416.0202,90.2043,0.225853879,0.001389171
417.0198,90.2048,0.227233152,0.001393762
418.02,90.2048,0.228618135,0.001398693
419.0202,90.2057,0.230007974,0.001403597
420.0198,90.2058,0.231401878,0.001408547
421.02,90.2058,0.232801249,0.001413224
422.0202,90.2063,0.234205657,0.001418311
423.0198,90.2067,0.235613057,0.001422185
424.02,90.207,0.237025693,0.001426619
425.0202,90.2079,0.238443346,0.001431687
426.0198,90.2082,0.239863983,0.001435561
427.02,90.2082,0.241289947,0.00144008
428.0202,90.2087,0.242720375,0.001444587
429.0198,90.2093,0.244153558,0.001448239
430.02,90.2093,0.245591515,0.001452191
431.0202,90.2098,0.247034929,0.001457702
432.0198,90.2101,0.24848162,0.001461889
433.02,90.2107,0.249932719,0.001465463
434.0202,90.2111,0.251387802,0.001469487
435.0198,90.2109,0.252846047,0.001473563
436.02,90.2113,0.25430875,0.001477183
437.0202,90.2118,0.255775658,0.001481429
438.0198,90.2123,0.25724539,0.001485172
439.02,90.2127,0.258719227,0.001488427
440.0202,90.2131,0.260197385,0.00149279
441.0198,90.2134,0.26167847,0.001496644
442.02,90.2139,0.263163317,0.001499546
443.0202,90.2141,0.264652305,0.001503727
444.0198,90.2143,0.266143393,0.001506753
445.02,90.2148,0.267639691,0.001511109
446.0202,90.2147,0.269139211,0.001514364
447.0198,90.2153,0.270641078,0.001517644
448.02,90.2156,0.272147463,0.001521297
449.0202,90.2157,0.273656618,0.001524094
450.0198,90.216,0.275168275,0.001527538
451.02,90.2166,0.276683727,0.001530453
452.0202,90.2165,0.278202382,0.001533688
453.0198,90.217,0.279723979,0.001537581
454.02,90.2173,0.28124873,0.001539845
455.0202,90.2174,0.282776438,0.001542832
456.0198,90.2177,0.284305515,0.00154514
457.02,90.2178,0.285838158,0.001547814
458.0202,90.2181,0.287374016,0.001551062
459.0198,90.2184,0.28891209,0.001554232
460.02,90.2187,0.290454471,0.001557649
461.0202,90.2188,0.291999397,0.001560219
462.0198,90.2188,0.293545977,0.001562827
463.02,90.219,0.295096566,0.001565938
464.0202,90.2192,0.296649215,0.001568019
465.0198,90.2196,0.298203553,0.001570667
466.02,90.2201,0.299761201,0.001573067
467.0202,90.22,0.301321082,0.001575323
468.0198,90.2205,0.302882591,0.001577912
469.02,90.2205,0.304447439,0.001580338
470.0202,90.2204,0.306014754,0.00158283
471.0198,90.2208,0.307583394,0.001585119
472.02,90.2211,0.309155333,0.001587499
473.0202,90.221,0.310729428,0.001589678
474.0198,90.2214,0.312304677,0.001591797
475.02,90.2216,0.313883048,0.001593995
476.0202,90.2223,0.315463757,0.001596356
477.0198,90.2219,0.317045776,0.001598639
478.02,90.2222,0.318631102,0.001601019
479.0202,90.2226,0.320218863,0.001603478
480.0198,90.2226,0.321807768,0.001605597
481.02,90.223,0.323399862,0.001607854
482.0202,90.2231,0.324994165,0.001610084
483.0198,90.2235,0.326589595,0.001612191
484.02,90.2233,0.328188108,0.001614337
485.0202,90.2237,0.329788843,0.00161658
486.0198,90.224,0.331390792,0.001618778
487.02,90.2239,0.332995737,0.001620832
488.0202,90.2242,0.334602787,0.001622959
489.0198,90.2242,0.336210907,0.001625013
490.02,90.2243,0.337821954,0.001626996
491.0202,90.2243,0.339435094,0.001629109
492.0198,90.2243,0.341049203,0.001631065
493.02,90.2248,0.342666199,0.001633002
494.0202,90.2248,0.344285099,0.001634926
495.0198,90.2252,0.345904919,0.001636837
496.02,90.225,0.347527604,0.001638748
497.0202,90.2254,0.349152149,0.001640626
498.0198,90.2256,0.350777488,0.001642413
499.02,90.2256,0.352405545,0.001644174
500.0202,90.2259,0.354035366,0.001645954
501.0198,90.2256,0.355665907,0.00164767
502.02,90.2256,0.357299118,0.001649378
503.0202,90.2255,0.35893395,0.001651015
504.0198,90.2253,0.360569421,0.001652652
505.02,90.2261,0.362207437,0.001654231
506.0202,90.2261,0.363846977,0.00165577
507.0198,90.226,0.365487037,0.001657289
508.02,90.2263,0.367129541,0.001658763
509.0202,90.2264,0.368773453,0.001660185
510.0198,90.2265,0.370417799,0.00166162
511.02,90.2266,0.372064494,0.001662996
512.0202,90.2262,0.373712552,0.001664372
513.0198,90.2264,0.375360932,0.001665696
514.02,90.2264,0.377011489,0.001666896
515.0202,90.2267,0.378663324,0.001668187
516.0198,90.2267,0.380315357,0.001669387
517.02,90.2266,0.381969517,0.001670535
518.0202,90.2268,0.383624821,0.00167169
519.0198,90.2268,0.385280184,0.001672753
520.02,90.2267,0.386937605,0.001673829
521.0202,90.2263,0.388596035,0.001674846
522.0198,90.2268,0.390254476,0.001675863
523.02,90.2265,0.391914843,0.001676803
524.0202,90.2266,0.393576158,0.001677761
525.0198,90.2271,0.395237317,0.001678609
526.02,90.227,0.39690026,0.001679405
527.0202,90.2271,0.398564101,0.001680311
528.0198,90.2272,0.400227686,0.001681061
529.02,90.227,0.401893045,0.001681844
530.0202,90.227,0.403559088,0.001682535
531.0198,90.2268,0.405224757,0.001683168
532.02,90.2271,0.40689204,0.001683787
533.0202,90.2266,0.408559885,0.001684355
534.0198,90.2271,0.410227246,0.001684877
535.02,90.2271,0.41189606,0.001685333
536.0202,90.2271,0.413565344,0.001685809
537.0198,90.2271,0.415234015,0.001686201
538.02,90.2267,0.416904056,0.001686572
539.0202,90.2269,0.418574426,0.001686905
540.0198,90.2271,0.420244142,0.001687257
541.02,90.2269,0.421915132,0.001687531
542.0202,90.227,0.42358638,0.001687792
543.0198,90.2266,0.425256781,0.001687948
544.02,90.2266,0.426928397,0.001688164
545.0202,90.2267,0.428600174,0.001688327
546.0198,90.2268,0.430271014,0.001688392
547.02,90.2267,0.431942914,0.001688451
548.0202,90.2264,0.433614873,0.001688509
549.0198,90.2267,0.435285828,0.001688509
550.02,90.2266,0.436957761,0.001688483
551.0202,90.2266,0.438629571,0.001688359
552.0198,90.2268,0.440300301,0.001688281
553.02,90.2264,0.441971859,0.001688105
554.0202,90.2264,0.443643275,0.001687961
555.0198,90.2261,0.445313469,0.00168774
556.02,90.2262,0.446984426,0.001687498
557.0202,90.2259,0.448655126,0.001687238
558.0198,90.2256,0.450324461,0.001686872
559.02,90.2258,0.451994521,0.001686592
560.0202,90.2256,0.453664168,0.001686174
561.0198,90.2258,0.455332419,0.001685777
562.02,90.226,0.457001194,0.001685294
563.0202,90.2251,0.458669523,0.001684844
564.0198,90.226,0.460336367,0.001684355
565.02,90.226,0.462003663,0.001683801
566.0202,90.2259,0.463670429,0.001683266
567.0198,90.2255,0.465335518,0.001682581
568.02,90.2257,0.467000993,0.001681961
569.0202,90.2259,0.468665796,0.001681283
570.0198,90.2257,0.470328897,0.001680572
571.02,90.225,0.471992299,0.001679868
572.0202,90.225,0.473654932,0.001679092
573.0198,90.2248,0.475315794,0.001678309
574.02,90.2254,0.47697689,0.00167754
575.0202,90.2249,0.478637166,0.001676711
576.0198,90.225,0.480295588,0.001675844
577.02,90.225,0.481954134,0.001674963
578.0202,90.2252,0.483611801,0.001674077
579.0198,90.2248,0.485267525,0.001673118
580.02,90.2249,0.486923242,0.001672107
581.0202,90.2243,0.488578016,0.001671155
582.0198,90.2244,0.490230791,0.001670137
583.02,90.2243,0.491883518,0.001669087
584.0202,90.2239,0.49353516,0.001667992
585.0198,90.224,0.49518472,0.001666889
586.02,90.224,0.496834089,0.001665696
587.0202,90.2245,0.498482302,0.001664529
588.0198,90.2242,0.50012828,0.00166327
589.02,90.2237,0.501774046,0.001662057
590.0202,90.2236,0.503418623,0.001660857
591.0198,90.2232,0.505060897,0.001659526
592.02,90.2232,0.506702626,0.001657981
593.0202,90.2233,0.508343057,0.00165667
594.0198,90.2231,0.509981142,0.001655294
595.02,90.2227,0.511618796,0.001653865
596.0202,90.2231,0.513255088,0.001652489
597.0198,90.2232,0.514888965,0.001651041
598.02,90.2227,0.516522351,0.001649554
599.0202,90.2228,0.518154238,0.001648041
600.018,90.222,0.519780644,0.001646457
601.02,90.2221,0.521412363,0.001644911
602.022,90.222,0.523042439,0.001643254
603.018,90.2216,0.524661223,0.001641702
604.02,90.2218,0.52628816,0.001640091
605.022,90.2216,0.527913429,0.001638409
606.018,90.2216,0.529527319,0.001636739
607.02,90.2214,0.531149256,0.00163505
608.022,90.221,0.532769265,0.001633106
609.018,90.2212,0.534377619,0.001631124
610.02,90.2208,0.53599383,0.001629278
611.022,90.2206,0.537608307,0.00162753
612.018,90.2207,0.53921131,0.001625698
613.02,90.22,0.540822049,0.001623761
614.022,90.22,0.542430898,0.001621856
615.018,90.2203,0.544027939,0.001619652
616.02,90.2197,0.545632609,0.001617643
617.022,90.2196,0.547235409,0.001615758
618.018,90.2195,0.548826689,0.001613808
619.02,90.2191,0.550425601,0.001611839
620.022,90.219,0.552022423,0.001609732
621.018,90.2194,0.553607658,0.001607678
622.02,90.219,0.555200171,0.001605389
623.022,90.2189,0.556790615,0.001603302
624.018,90.2187,0.558369251,0.001600987
625.02,90.2182,0.559955114,0.001598684
626.022,90.2179,0.561538894,0.001596584
627.018,90.2172,0.563111171,0.001594536
628.02,90.2176,0.564690797,0.001592397
629.022,90.2176,0.566267939,0.001589893
630.018,90.2172,0.567833444,0.001587669
631.02,90.2172,0.569406219,0.001585491
632.022,90.2168,0.570976685,0.001583162
633.018,90.2164,0.572535573,0.001580958
634.02,90.2162,0.574101594,0.001578682
635.022,90.2165,0.575665331,0.00157638
636.018,90.2159,0.577217023,0.00157366
637.02,90.2159,0.578775714,0.001571293
638.022,90.2161,0.580331403,0.001568267
639.018,90.2157,0.581874612,0.001565058
640.02,90.2159,0.583424123,0.001562038
641.022,90.2152,0.584970671,0.001559051
642.018,90.215,0.586505759,0.001556821
643.02,90.2145,0.588047454,0.00155416
644.022,90.2144,0.58958651,0.001551499
645.018,90.2141,0.591113681,0.001548792
646.02,90.2139,0.592647536,0.001546256
647.022,90.214,0.594178809,0.001543653
648.018,90.2134,0.595698,0.001540699
649.02,90.2134,0.597223813,0.001538149
650.022,90.2134,0.598746773,0.001535273
651.018,90.2129,0.600257809,0.001532429
652.02,90.2128,0.601775497,0.001529957
653.022,90.2124,0.60328991,0.001526657
654.018,90.212,0.604791764,0.001523116
655.02,90.2116,0.606299973,0.001520403
656.022,90.2114,0.607804786,0.001516979
657.018,90.2111,0.609297328,0.001513673
658.02,90.2111,0.6107958,0.001510588
659.022,90.211,0.612291323,0.001507614
660.018,90.2106,0.613775254,0.00150494
661.02,90.2102,0.615264805,0.001501594
662.022,90.2102,0.61675076,0.001497968
663.018,90.2096,0.618224549,0.001494655
664.02,90.2098,0.619704144,0.001491557
665.022,90.2098,0.621180336,0.001488127
666.018,90.2093,0.622644633,0.001485029
667.02,90.2091,0.624114498,0.001481748
668.022,90.2085,0.625580798,0.001478155
669.018,90.2079,0.627035398,0.001475194
670.02,90.2081,0.628495455,0.001471861
671.022,90.2077,0.629950977,0.001467289
672.018,90.2076,0.631395107,0.001464576
673.02,90.2068,0.632844205,0.001460813
674.022,90.2069,0.634289466,0.001456946
675.018,90.2063,0.63572224,0.001453059
676.02,90.2063,0.637159841,0.001449224
677.022,90.2061,0.63859338,0.001445128
678.018,90.2058,0.640014804,0.001441548
679.02,90.2054,0.641441374,0.001438104
680.022,90.2054,0.642862821,0.001432939
681.018,90.205,0.644272579,0.001429717
682.02,90.205,0.645686108,0.001424956
683.022,90.2048,0.64709567,0.001420958
684.018,90.2043,0.648492689,0.001416798
685.02,90.204,0.649894947,0.001413595
686.022,90.2034,0.651293388,0.001409747
687.018,90.2035,0.652679893,0.001406134
688.02,90.2026,0.654070435,0.001401784
689.022,90.2031,0.655457451,0.00139823
690.018,90.2025,0.656831493,0.001393495
691.02,90.202,0.658209717,0.001389367
692.022,90.2019,0.65958338,0.001384769
693.018,90.2016,0.660944876,0.001380771
694.02,90.2012,0.662310025,0.001376186
695.022,90.2008,0.663671461,0.001372443
696.018,90.2011,0.665020043,0.001367675
697.02,90.2003,0.666372376,0.001363266
698.022,90.1999,0.667719961,0.001358479
699.018,90.1997,0.669055077,0.001354019
700.02,90.1993,0.670392951,0.00134869
701.022,90.1989,0.671727208,0.001345045
702.018,90.1987,0.673048389,0.001339886
703.02,90.1981,0.674372748,0.001335066
704.022,90.1981,0.675692979,0.001330905
705.018,90.1975,0.677000334,0.001325864
706.02,90.1971,0.678310602,0.001320862
707.022,90.1968,0.679616232,0.001316186
708.018,90.1963,0.680909285,0.001311359
709.02,90.1962,0.682205709,0.001306905
710.022,90.1959,0.683496834,0.001301564
711.018,90.1954,0.684775797,0.00129707
712.02,90.1954,0.686057211,0.001291774
713.022,90.1951,0.687333501,0.001286609
714.018,90.1948,0.688598047,0.001282448
715.02,90.1943,0.689865047,0.001277244
716.022,90.1936,0.691125908,0.001271055
717.018,90.193,0.692374877,0.001266652
718.02,90.1929,0.693626105,0.001261344
719.022,90.1924,0.694871937,0.001255904
720.018,90.1921,0.696105229,0.001250752
721.02,90.1918,0.697340729,0.001245489
722.022,90.1915,0.698571131,0.00124035
723.018,90.1917,0.699788815,0.001234924
724.02,90.1907,0.701008323,0.001229367
725.022,90.1903,0.702223975,0.00122548
726.018,90.1898,0.703425666,0.001218704
727.02,90.1895,0.70462911,0.001213173
728.022,90.1891,0.705827656,0.001208236
729.018,90.1885,0.707014177,0.001203319
730.02,90.1885,0.708203368,0.001198806
731.022,90.188,0.709385437,0.001191625
732.018,90.1872,0.710555385,0.001186512
733.02,90.1874,0.711727465,0.001181556
734.022,90.1868,0.712893256,0.001175217
735.018,90.1864,0.714047134,0.001170214
736.02,90.1856,0.715202561,0.001164769
737.022,90.1852,0.716352807,0.001159545
738.018,90.1851,0.717491309,0.001154621
739.02,90.1847,0.718631105,0.001149012
740.022,90.1842,0.719766399,0.001144473
741.018,90.1841,0.720890008,0.001139516
742.02,90.1834,0.722014226,0.001133307
743.022,90.1828,0.723134058,0.001128886
744.018,90.1825,0.72424132,0.001122938
745.02,90.182,0.725349772,0.001117414
746.022,90.1813,0.726452847,0.001111994
747.018,90.1811,0.727544701,0.001107311
748.02,90.181,0.728637322,0.001101455
749.022,90.1805,0.729725143,0.001096616
750.018,90.1801,0.730801125,0.001091216
751.02,90.1799,0.731878685,0.001086272
752.022,90.1791,0.732950481,0.001080461
753.018,90.1789,0.734010971,0.001075505
754.02,90.1782,0.735072914,0.001070528
755.022,90.1779,0.736130878,0.001066517
756.018,90.1781,0.737176205,0.001060126
757.02,90.1774,0.738221734,0.001053983
758.022,90.1769,0.739263531,0.001050219
759.018,90.1769,0.740293295,0.001044343
760.02,90.1762,0.741324728,0.001039772
761.022,90.1755,0.742350843,0.001034411
762.018,90.175,0.743366125,0.001029656
763.02,90.1744,0.744383007,0.001025104
764.022,90.1745,0.745394734,0.001019906
765.018,90.1738,0.74639536,0.001014793
766.02,90.1735,0.74739779,0.001010534
767.022,90.173,0.748394656,0.001004925
768.018,90.1727,0.749380389,0.000999688
769.02,90.1722,0.75036768,0.000995273
770.022,90.1717,0.751349892,0.000990154
771.018,90.1714,0.752321593,0.000985458
772.02,90.1705,0.75329361,0.000979875
773.022,90.1703,0.754261272,0.000975486
774.018,90.1703,0.755218273,0.000970549
775.02,90.1696,0.756175571,0.000965038
776.022,90.1695,0.757127733,0.00095986
777.018,90.1691,0.758069486,0.000955086
778.02,90.1689,0.759012816,0.000950957
779.022,90.1685,0.759951263,0.000946033
780.018,90.1682,0.760879446,0.000941325
781.02,90.168,0.761808266,0.000936329
782.022,90.1676,0.762732816,0.000932025
783.018,90.1671,0.763646215,0.000926331
784.02,90.1663,0.764560938,0.000922118
785.022,90.1657,0.765471501,0.000917924
786.018,90.1658,0.766371576,0.000912818
787.02,90.1651,0.767272829,0.00090854
788.022,90.1647,0.768169799,0.000904222
789.018,90.1645,0.769057193,0.000899957
790.02,90.1643,0.769945559,0.000895548
791.022,90.1637,0.77082882,0.000890402
792.018,90.1633,0.771702175,0.00088572
793.02,90.1631,0.772576198,0.000881089
794.022,90.1627,0.77344621,0.000877046
795.018,90.1623,0.774306607,0.000872578
796.02,90.1622,0.775166837,0.000867185
797.022,90.162,0.77602358,0.00086367
798.018,90.1614,0.776870768,0.000859183
799.02,90.1606,0.777719159,0.00085525
800.022,90.1609,0.778562503,0.000850163
801.018,90.1606,0.779396412,0.000845715
802.02,90.1597,0.780230945,0.00084128
803.022,90.1599,0.781061215,0.000836982
804.018,90.1594,0.781882706,0.000833121
805.02,90.1591,0.782705452,0.000829397
806.022,90.1588,0.783523882,0.000825047
807.018,90.1585,0.784333418,0.000820997
808.02,90.1581,0.785143167,0.000816295
809.022,90.158,0.785948199,0.000811541
810.018,90.1578,0.786744243,0.000807315
811.02,90.1573,0.787541861,0.000804067
812.022,90.1567,0.788335209,0.000799762
813.018,90.1562,0.789120084,0.000795986
814.02,90.1562,0.789906199,0.000792471
815.022,90.1559,0.790687921,0.000788043
816.018,90.1558,0.791460378,0.000783393
817.02,90.1553,0.792233606,0.000779479
818.022,90.1551,0.793002836,0.000775449
819.018,90.1551,0.793763717,0.000771653
820.02,90.1549,0.794525125,0.000767564
821.022,90.1542,0.795282399,0.000763397
822.018,90.1538,0.796032001,0.000760214
823.02,90.1538,0.796782579,0.000756647
824.022,90.1532,0.797529191,0.000752649
825.018,90.1529,0.798267481,0.000748742
826.02,90.1526,0.799006996,0.000745494
827.022,90.1523,0.799742941,0.000741894
828.018,90.1522,0.800470414,0.000737772
829.02,90.152,0.801198789,0.000734264
830.022,90.1517,0.80192312,0.000730188
831.018,90.1512,0.802639282,0.000726301
832.02,90.1511,0.803357008,0.000723529
833.022,90.1509,0.804070535,0.000719296
834.018,90.1504,0.804776041,0.000715494
835.02,90.1499,0.805482749,0.000712422
836.022,90.15,0.806186288,0.000709226
837.018,90.1494,0.806882006,0.000705568
838.02,90.1494,0.807578505,0.000702131
839.022,90.1489,0.808270742,0.000697833
840.018,90.1487,0.808955322,0.000694272
841.02,90.1486,0.809640927,0.000691148
842.022,90.1484,0.810323109,0.000687698
843.018,90.1482,0.810998223,0.000684672
844.02,90.1476,0.811674564,0.000681809
845.022,90.1472,0.812347566,0.000678444
846.018,90.1472,0.813013066,0.000674922
847.02,90.1471,0.813679638,0.000671961
848.022,90.1469,0.814342645,0.000668367
849.018,90.1463,0.814998312,0.00066495
850.02,90.1462,0.815654869,0.000661865
851.022,90.146,0.816307712,0.000658122
852.018,90.1454,0.81695428,0.000655722
853.02,90.1454,0.817601559,0.000652513
854.022,90.1451,0.818245863,0.000649513
855.018,90.1445,0.818883235,0.000646395
856.02,90.1442,0.819521127,0.00064305
857.022,90.1438,0.820156361,0.000640369
858.018,90.1438,0.820784703,0.000637239
859.02,90.1437,0.821414095,0.00063448
860.022,90.1434,0.822039708,0.000630671
861.018,90.1433,0.822658373,0.000627423
862.02,90.1429,0.823277814,0.000624449
863.022,90.1426,0.823893465,0.000620629
864.018,90.1425,0.824502589,0.000617747
865.02,90.1423,0.825112385,0.000614727
866.022,90.1418,0.825718238,0.000610751
867.018,90.1418,0.826318081,0.000608335
868.02,90.1415,0.826918655,0.00060543
869.022,90.1414,0.827516431,0.000602609
870.018,90.1412,0.828107413,0.000599349
871.02,90.1412,0.82869939,0.000596763
872.022,90.1408,0.829288271,0.000593642
873.018,90.1403,0.829871017,0.000590997
874.02,90.1399,0.83045467,0.000588371
875.022,90.1399,0.831035476,0.000585502
876.018,90.1395,0.831610186,0.000582847
877.02,90.1394,0.83218607,0.000580539
878.022,90.1392,0.832759237,0.000577801
879.018,90.1391,0.833326161,0.000574951
880.02,90.1389,0.833893554,0.000571979
881.022,90.1387,0.834458246,0.000569258
882.018,90.1386,0.83501682,0.000566482
883.02,90.1384,0.835575354,0.00056305
884.022,90.1381,0.83613142,0.000560561
885.018,90.1378,0.836681782,0.000558155
886.02,90.1374,0.837232332,0.000555001
887.022,90.1374,0.837780049,0.000552145
888.018,90.1371,0.838321813,0.000549434
889.02,90.1371,0.838864337,0.000546911
890.022,90.1368,0.839404176,0.000544203
891.018,90.1367,0.839938221,0.000541606
892.02,90.1366,0.840473014,0.000539117
893.022,90.1369,0.841005464,0.000536755
894.018,90.1362,0.841532129,0.000534121
895.02,90.1356,0.842059608,0.000531744
896.022,90.1356,0.842584636,0.000529272
897.018,90.1355,0.843103743,0.000526457
898.02,90.1352,0.843623065,0.00052352
899.022,90.1351,0.844139712,0.000520824
900.018,90.1347,0.844650944,0.00051847
901.02,90.1342,0.845163027,0.000516224
902.022,90.1344,0.845672596,0.000513688
903.018,90.1339,0.84617616,0.000510693
904.02,90.1341,0.846680428,0.000508346
905.022,90.1334,0.847182308,0.000505937
906.018,90.1336,0.847679028,0.000503753
907.02,90.1332,0.848176417,0.00050141
908.022,90.1328,0.848671452,0.000499038
909.018,90.133,0.849161114,0.000496595
910.02,90.133,0.849651351,0.000494201
911.022,90.1328,0.850139214,0.000491807
912.018,90.1323,0.850621554,0.000489169
913.02,90.1321,0.851104677,0.000487029
914.022,90.1321,0.851585549,0.00048476
915.018,90.1322,0.852061193,0.000482378
916.02,90.1319,0.852537491,0.000480149
917.022,90.1314,0.85301161,0.000477952
918.018,90.1313,0.853480749,0.000475781
919.02,90.1312,0.853950473,0.000473522
920.022,90.1309,0.854417872,0.000471178
921.018,90.1311,0.85488025,0.000468925
922.02,90.1315,0.855343317,0.000466811
923.022,90.1328,0.855805106,0.000465522
924.018,90.1341,0.856285154,0.000486844
925.02,90.1351,0.856789027,0.000507947
926.022,90.1349,0.857288955,0.000503969
927.018,90.1342,0.857782176,0.000500204
928.02,90.1337,0.8582744,0.000496203
929.022,90.1333,0.858759791,0.000489316
930.018,90.133,0.859233383,0.000480297
931.02,90.1324,0.859702794,0.000473206
932.022,90.1319,0.860166739,0.000467696
933.018,90.131,0.860621776,0.000461479
934.02,90.1309,0.861074389,0.000456272
935.022,90.1307,0.861522748,0.000451983
936.018,90.1306,0.861963898,0.000447397
937.02,90.1299,0.862404687,0.000444352
938.022,90.1294,0.862843227,0.000442086
939.018,90.1295,0.863276048,0.000438949
940.02,90.1291,0.863708084,0.000435528
941.022,90.1286,0.864137645,0.000433034
942.018,90.1287,0.864562511,0.000430881
943.02,90.1288,0.864987881,0.000428809
944.022,90.1283,0.865411248,0.00042679
945.018,90.1282,0.865829839,0.000424517
946.02,90.128,0.86624838,0.000421924
947.022,90.1278,0.866665125,0.000420115
948.018,90.1276,0.867077071,0.000417778
949.02,90.1272,0.867489711,0.000415976
950.022,90.1274,0.867900515,0.000414126
951.018,90.1269,0.868306995,0.000412234
952.02,90.1268,0.868714174,0.000410471
953.022,90.1263,0.869119549,0.000408652
954.018,90.1267,0.869520713,0.000406844
955.02,90.1268,0.86992247,0.000405005
956.022,90.1267,0.870322383,0.000403146
957.018,90.126,0.870718101,0.000401321
958.02,90.126,0.871114345,0.000399448
959.022,90.1261,0.871508823,0.000397667
960.018,90.1257,0.87189913,0.000395833
961.02,90.1258,0.872289906,0.000393935
962.022,90.1251,0.872678802,0.000392041
963.018,90.1257,0.873063548,0.000390192
964.02,90.1255,0.873448817,0.000388384
965.022,90.1249,0.873832273,0.000386557
966.018,90.1249,0.874211733,0.000384832
967.02,90.1248,0.874591726,0.000383065
968.022,90.1243,0.87496996,0.000381292
969.018,90.1246,0.875344172,0.00037951
970.02,90.1243,0.875718855,0.000377712
971.022,90.1241,0.876091797,0.000375958
972.018,90.1239,0.876460748,0.000374174
973.02,90.1241,0.876830234,0.000372473
974.022,90.1238,0.877198012,0.000370752
975.018,90.1237,0.877561892,0.000369031
976.02,90.1234,0.877926235,0.000367289
977.022,90.1233,0.878288866,0.000365563
978.018,90.1232,0.878647673,0.000363887
979.02,90.1232,0.879006937,0.000362168
980.022,90.1227,0.879364534,0.000360488
981.018,90.1229,0.879718315,0.00035879
982.02,90.1228,0.880072476,0.000357024
983.022,90.1229,0.880425004,0.000355378
984.018,90.1223,0.880773771,0.000353705
985.02,90.1222,0.881122985,0.000352038
986.022,90.1222,0.881470552,0.000350377
987.018,90.1222,0.881814427,0.000348743
988.02,90.122,0.882158747,0.000347104
989.022,90.1215,0.882501512,0.000345536
990.018,90.122,0.882840686,0.000343976
991.02,90.1216,0.883180372,0.000342432
992.022,90.1216,0.883518551,0.000340914
993.018,90.1212,0.883853148,0.000339334
994.02,90.1213,0.884188241,0.000337801
995.022,90.1213,0.88452185,0.000336307
996.018,90.1212,0.884851959,0.000334782
997.02,90.1211,0.88518256,0.000333274
998.022,90.1209,0.885511737,0.000331838
999.018,90.1208,0.885837436,0.00033031
1000.02,90.121,0.886163609,0.00032881
1001.022,90.1207,0.88648831,0.000327325
1002.018,90.1206,0.886809558,0.000325796
1003.02,90.1203,0.88713125,0.000324293
1004.022,90.1204,0.887451479,0.000322818
1005.018,90.1204,0.887768288,0.000321295
1006.02,90.1205,0.888085509,0.000319786
1007.022,90.1203,0.888401337,0.000318381
1008.018,90.1196,0.888713858,0.000316945
1009.02,90.1196,0.889026821,0.000315494
1010.022,90.1196,0.889338343,0.00031404
1011.018,90.1196,0.889646552,0.000312572
1012.02,90.1196,0.889955212,0.000311155
1013.022,90.1197,0.890262515,0.000309788
1014.018,90.1194,0.890566536,0.000308325
1015.02,90.1195,0.890870994,0.00030692
1016.022,90.1195,0.891174075,0.000305531
1017.018,90.1193,0.891473956,0.000304126
1018.02,90.1191,0.891774275,0.000302747
1019.022,90.1192,0.89207328,0.000301422
1020.018,90.1191,0.892369075,0.000299983
1021.02,90.1192,0.892665255,0.000298575
1022.022,90.1188,0.892960093,0.000297221
1023.018,90.1189,0.893251808,0.000295845
1024.02,90.1186,0.893543964,0.000294518
1025.022,90.1184,0.893834798,0.000293185
1026.018,90.1188,0.894122595,0.000291872
1027.02,90.1188,0.894410736,0.000290471
1028.022,90.1185,0.894697638,0.000289222
1029.018,90.1182,0.894981585,0.000287967
1030.02,90.1182,0.895265971,0.000286685
1031.022,90.1182,0.895549097,0.000285415
1032.018,90.1178,0.895829237,0.000284107
1033.02,90.118,0.896109803,0.000282834
1034.022,90.1184,0.896389077,0.000281531
1035.018,90.1177,0.896665455,0.000280291
1036.02,90.1177,0.896942298,0.000279081
1037.022,90.1176,0.897217862,0.000277792
1038.018,90.1178,0.89749055,0.000276549
1039.02,90.1175,0.897763615,0.000275272
1040.022,90.1173,0.898035461,0.000274044
1041.018,90.1173,0.898304447,0.000272794
1042.02,90.1171,0.898573908,0.00027164
1043.022,90.117,0.898842197,0.000270458
1044.018,90.1167,0.899107694,0.000269256
1045.02,90.1167,0.899373631,0.000268087
1046.022,90.1168,0.899638401,0.000266911
1047.018,90.1168,0.8999004,0.000265708
1048.02,90.1164,0.900162825,0.000264546
1049.022,90.1169,0.900424077,0.000263364
1050.018,90.1159,0.900682531,0.000262114
1051.02,90.1161,0.900941439,0.000261001
1052.022,90.1162,0.901199172,0.000259817
1053.018,90.1163,0.901454178,0.000258616
1054.02,90.1162,0.901709613,0.0002575
1055.022,90.1157,0.901963974,0.000256417
1056.018,90.1158,0.902215717,0.000255307
1057.02,90.1158,0.902467814,0.000254135
1058.022,90.1156,0.902718814,0.00025303
1059.018,90.1154,0.902967255,0.000251959
1060.02,90.1153,0.903216152,0.000250909
1061.022,90.1152,0.903463939,0.00024979
1062.018,90.1152,0.903709145,0.000248678
1063.02,90.115,0.903954766,0.000247607
1064.022,90.1152,0.904199349,0.00024656
1065.018,90.1148,0.904441406,0.000245484
1066.02,90.1146,0.904683869,0.000244423
1067.022,90.1149,0.904925303,0.000243386
1068.018,90.1147,0.905164229,0.000242308
1069.02,90.1146,0.905403613,0.00024132
1070.022,90.1146,0.905641885,0.000240199
1071.018,90.1143,0.905877727,0.000239181
1072.02,90.1143,0.906113986,0.000238169
1073.022,90.1141,0.906349237,0.000237153
1074.018,90.114,0.906582122,0.000236182
1075.02,90.1138,0.906815411,0.000235175
1076.022,90.1139,0.907047688,0.000234155
1077.018,90.1137,0.907277613,0.00023318
1078.02,90.1135,0.907507917,0.000232166
1079.022,90.1133,0.907737267,0.000231204
1080.018,90.113,0.907964218,0.000230164
1081.02,90.1133,0.908191638,0.00022926
1082.022,90.1131,0.908418051,0.000228243
1083.018,90.1132,0.908642134,0.000227255
1084.02,90.1134,0.908866618,0.000226299
1085.022,90.1133,0.909090114,0.000225303
1086.018,90.1132,0.909311303,0.000224321
1087.02,90.113,0.909532933,0.000223422
1088.022,90.1131,0.909753695,0.000222547
1089.018,90.113,0.909972115,0.000221513
1090.02,90.1128,0.91019088,0.000220533
1091.022,90.1125,0.91040867,0.000219551
1092.018,90.1124,0.910624255,0.000218638
1093.02,90.112,0.91084021,0.0002177
1094.022,90.1125,0.911055256,0.000216785
1095.018,90.1124,0.911268048,0.000215804
1096.02,90.1124,0.91148122,0.000214895
1097.022,90.112,0.911693501,0.000213997
1098.018,90.112,0.9119037,0.000213175
1099.02,90.1119,0.912114235,0.000212238
1100.022,90.1113,0.912323888,0.000211347
1101.018,90.1118,0.912531479,0.000210531
1102.02,90.112,0.912739426,0.000209628
1103.022,90.1119,0.912946507,0.000208755
1104.018,90.1116,0.913151473,0.000207868
1105.02,90.1113,0.913356783,0.000206969
1106.022,90.1115,0.913561231,0.000206101
1107.018,90.1115,0.91376358,0.000205214
1108.02,90.1111,0.913966253,0.000204312
1109.022,90.1116,0.914168048,0.000203427
1110.018,90.1114,0.914367774,0.000202553
1111.02,90.1112,0.914567898,0.000201743
1112.022,90.1113,0.914767126,0.000200839
1113.018,90.1113,0.914964318,0.000199984
1114.02,90.1113,0.915161855,0.000199134
1115.022,90.1114,0.915358607,0.000198342
1116.018,90.1111,0.915553344,0.000197494
1117.02,90.1111,0.915748432,0.000196665
1118.022,90.1108,0.915942706,0.000195845
1119.018,90.1106,0.916134959,0.000194975
1120.02,90.1106,0.916327513,0.000194111
1121.022,90.1108,0.916519283,0.00019332
1122.018,90.1108,0.916709115,0.000192519
1123.02,90.1107,0.916899324,0.000191747
1124.022,90.1111,0.917088716,0.000190923
1125.018,90.1106,0.917276208,0.000190147
1126.02,90.1106,0.917464013,0.000189323
1127.022,90.11,0.917651019,0.000188518
1128.018,90.1105,0.917836157,0.000187759
1129.02,90.1108,0.918021586,0.000186928
1130.022,90.1107,0.918206203,0.000186109
1131.018,90.1105,0.918388958,0.000185343
1132.02,90.1103,0.918572036,0.000184558
1133.022,90.1105,0.918754301,0.000183739
1134.018,90.11,0.918934675,0.000182927
1135.02,90.1103,0.919115389,0.000182175
1136.022,90.1104,0.919295277,0.000181343
1137.018,90.1103,0.919473319,0.000180562
1138.02,90.11,0.919651702,0.000179825
1139.022,90.1103,0.919829357,0.000179091
1140.018,90.11,0.920005185,0.000178318
1141.02,90.1101,0.920181318,0.000177557
1142.022,90.1099,0.920356695,0.000176795
1143.018,90.11,0.920530304,0.000176067
1144.02,90.1096,0.920704229,0.000175331
1145.022,90.11,0.920877414,0.000174585
1146.018,90.1099,0.921048809,0.000173822
1147.02,90.1099,0.921220511,0.00017309
1148.022,90.1092,0.921391552,0.000172425
1149.018,90.1099,0.921560778,0.000171621
1150.02,90.1096,0.921730293,0.000170886
1151.022,90.1096,0.921899172,0.000170244
1152.018,90.1096,0.922066347,0.000169542
1153.02,90.1096,0.922233859,0.000168866
1154.022,90.1096,0.922400621,0.00016811
1155.018,90.1098,0.9225657,0.000167416
1156.02,90.1096,0.922731039,0.000166676
1157.022,90.1096,0.9228957,0.000165992
1158.018,90.1093,0.923058684,0.000165292
1159.02,90.1091,0.923221994,0.00016463
1160.022,90.1089,0.923384641,0.000163962
1161.018,90.109,0.923545634,0.000163272
1162.02,90.1087,0.923706879,0.000162549
1163.022,90.1088,0.923867455,0.000161874
1164.018,90.1087,0.924026462,0.000161258
1165.02,90.1087,0.924185804,0.00016063
1166.022,90.1085,0.924344443,0.000159922
1167.018,90.1084,0.924501507,0.000159288
1168.02,90.1085,0.924658902,0.000158667
1169.022,90.1085,0.924815653,0.000158019
1170.018,90.1085,0.924970808,0.000157351
1171.02,90.1083,0.925126199,0.000156648
1172.022,90.1087,0.925280909,0.000155961
1173.018,90.1086,0.925434034,0.000155292
1174.02,90.1084,0.925587441,0.000154647
1175.022,90.1082,0.925740208,0.000154002
1176.018,90.1082,0.925891443,0.000153377
1177.02,90.1084,0.926042965,0.000152746
1178.022,90.1082,0.926193871,0.000152126
1179.018,90.108,0.926343231,0.000151475
1180.02,90.1082,0.926492895,0.000150875
1181.022,90.1081,0.926641927,0.000150237
1182.018,90.1077,0.926789479,0.000149641
1183.02,90.1078,0.926937322,0.000149039
1184.022,90.1076,0.92708452,0.000148388
1185.018,90.1076,0.927230256,0.000147799
1186.02,90.1079,0.927376325,0.00014725
1187.022,90.1078,0.92752179,0.000146641
1188.018,90.1079,0.927665816,0.000146066
1189.02,90.1077,0.927810061,0.000145411
1190.022,90.1077,0.92795374,0.000144841
1191.018,90.1076,0.928095915,0.000144187
1192.02,90.1074,0.928238321,0.000143558
1193.022,90.1075,0.928380138,0.000142964
1194.018,90.1073,0.928520502,0.000142352
1195.02,90.1078,0.928661104,0.000141739
1196.022,90.1073,0.928801102,0.00014113
1197.018,90.1074,0.928939695,0.000140555
1198.02,90.1072,0.929078516,0.000139943
1199.022,90.1073,0.92921675,0.000139352
1200.018,90.1073,0.929353575,0.000138762
1201.02,90.1074,0.929490631,0.000138163
1202.022,90.1074,0.929627132,0.000137605
1203.018,90.1072,0.929762305,0.000137086
1204.02,90.1072,0.929897671,0.000136461
1205.022,90.1071,0.930032439,0.000135857
1206.018,90.107,0.930165825,0.000135275
1207.02,90.1069,0.930299473,0.000134728
1208.022,90.1073,0.930432555,0.000134158
1209.018,90.1073,0.930564274,0.000133584
1210.02,90.1069,0.930696208,0.000133001
1211.022,90.107,0.930827644,0.000132499
1212.018,90.1071,0.930957749,0.000131947
1213.02,90.1066,0.931088142,0.000131448
1214.022,90.1065,0.931218023,0.000130931
1215.018,90.1068,0.931346636,0.000130434
1216.02,90.1068,0.931475501,0.000129906
1217.022,90.1071,0.931603876,0.000129414
1218.018,90.1073,0.931730969,0.000128891
1219.02,90.1075,0.931858264,0.000128325
1220.022,90.1068,0.931984968,0.000127728
1221.018,90.1071,0.932110492,0.000127301
1222.02,90.1064,0.932236223,0.000126748
1223.022,90.1066,0.932361453,0.000126242
1224.018,90.1062,0.932485429,0.000125732
1225.02,90.1061,0.9326097,0.000125275
1226.022,90.1062,0.932733486,0.000124787
1227.018,90.106,0.932856094,0.000124344
1228.02,90.1062,0.932978936,0.000123835
1229.022,90.1064,0.933101252,0.000123305
1230.018,90.1065,0.933222362,0.000122824
1231.02,90.1065,0.933343698,0.000122317
1232.022,90.1064,0.933464506,0.000121785
1233.018,90.1062,0.933584068,0.000121255
1234.02,90.1059,0.93370384,0.00012074
1235.022,90.1058,0.933823078,0.000120201
1236.018,90.1058,0.93394112,0.000119714
1237.02,90.1061,0.934059341,0.000119177
1238.022,90.106,0.934176992,0.000118602
1239.018,90.1058,0.934293481,0.000118139
1240.02,90.106,0.934410172,0.000117633
1241.022,90.1059,0.93452638,0.000117148
1242.018,90.1058,0.934641401,0.000116649
1243.02,90.1057,0.934756645,0.000116176
1244.022,90.1056,0.934871429,0.000115712
1245.018,90.1059,0.934985007,0.000115185
1246.02,90.1055,0.935098761,0.000114674
1247.022,90.1057,0.935212111,0.000114267
1248.018,90.1059,0.935324264,0.000113741
1249.02,90.1057,0.935436602,0.000113246
1250.022,90.1056,0.935548463,0.000112766
1251.018,90.1053,0.935659207,0.000112312
1252.02,90.1055,0.935770194,0.000111885
1253.022,90.1054,0.935880664,0.000111363
1254.018,90.1057,0.935989969,0.000110852
1255.02,90.1054,0.936099508,0.000110425
1256.022,90.1051,0.936208554,0.000109928
1257.018,90.1053,0.936316503,0.000109477
1258.02,90.1055,0.936424616,0.000108987
1259.022,90.1053,0.936532262,0.000108516
1260.018,90.1055,0.936638838,0.000108085
1261.02,90.105,0.936745614,0.000107639
1262.022,90.1051,0.93685193,0.000107175
1263.018,90.1049,0.936957227,0.000106788
1264.02,90.105,0.937062737,0.000106362
1265.022,90.1047,0.937167829,0.000105942
1266.018,90.1051,0.937271839,0.000105482
1267.02,90.1052,0.937376056,0.000105059
1268.022,90.1051,0.937479894,0.000104678
1269.018,90.105,0.937582716,0.000104277
1270.02,90.105,0.937685702,0.000103818
1271.022,90.1048,0.937788264,0.000103391
1272.018,90.1047,0.937889846,0.000103021
1273.02,90.1045,0.93799168,0.000102657
1274.022,90.1048,0.938093138,0.000102279
1275.018,90.1045,0.938193623,0.000101907
1276.02,90.1043,0.938294304,0.000101495
1277.022,90.1043,0.93839457,0.000101077
1278.018,90.1044,0.93849386,0.000100696
1279.02,90.1046,0.938593285,0.000100229
1280.022,90.1046,0.938692289,9.98041E-05
1281.018,90.1044,0.9387903,9.93985E-05
1282.02,90.1041,0.938888533,9.90267E-05
1283.022,90.1042,0.938986403,9.86622E-05
1284.018,90.1043,0.939083287,9.82552E-05
1285.02,90.1041,0.939180379,9.7877E-05
1286.022,90.1041,0.939277098,9.75013E-05
1287.018,90.1041,0.939372781,9.70376E-05
1288.02,90.1041,0.939468672,9.66659E-05
1289.022,90.1041,0.939564135,9.62348E-05
1290.018,90.1041,0.939658644,9.58474E-05
1291.02,90.1039,0.939753361,9.54828E-05
1292.022,90.104,0.93984768,9.50811E-05
1293.018,90.104,0.939941039,9.46806E-05
1294.02,90.1037,0.940034545,9.42626E-05
1295.022,90.1037,0.940127675,9.38823E-05
1296.018,90.1038,0.94021995,9.35817E-05
1297.02,90.1042,0.940312415,9.32132E-05
1298.022,90.1043,0.940404482,9.28108E-05
1299.018,90.1039,0.940495626,9.24345E-05
1300.02,90.1037,0.94058696,9.20725E-05
1301.022,90.1039,0.940677948,9.17236E-05
1302.018,90.1037,0.940768014,9.13414E-05
1303.02,90.1035,0.940858227,9.09423E-05
1304.022,90.1033,0.940948032,9.05301E-05
1305.018,90.1036,0.941036962,9.01897E-05
1306.02,90.1035,0.941126002,8.97593E-05
1307.022,90.1032,0.941214678,8.93934E-05
1308.018,90.1033,0.941302463,8.90275E-05
1309.02,90.1032,0.94139042,8.86688E-05
1310.022,90.1031,0.941477996,8.82834E-05
1311.018,90.1033,0.941564656,8.78868E-05
1312.02,90.1035,0.941651445,8.7491E-05
1313.022,90.1031,0.94173782,8.70729E-05
1314.018,90.1034,0.941823314,8.67044E-05
1315.02,90.1031,0.941908909,8.6287E-05
1316.022,90.1029,0.941994096,8.58762E-05
1317.018,90.1029,0.942078369,8.54659E-05
1318.02,90.1031,0.942162776,8.50896E-05
1319.022,90.1034,0.942246834,8.47375E-05
1320.018,90.1034,0.942329963,8.43064E-05
1321.02,90.1031,0.942413211,8.39209E-05
1322.022,90.103,0.942496127,8.35857E-05
1323.018,90.1026,0.942578187,8.32224E-05
1324.02,90.1028,0.942660376,8.28533E-05
1325.022,90.1028,0.942742203,8.24881E-05
1326.018,90.1027,0.942823194,8.21379E-05
1327.02,90.1028,0.942904329,8.17916E-05
1328.022,90.1029,0.942985091,8.14146E-05
1329.018,90.1026,0.943065015,8.10552E-05
1330.02,90.103,0.943145069,8.07011E-05
1331.022,90.103,0.943224754,8.033E-05
1332.018,90.1025,0.943303587,7.99485E-05
1333.02,90.1026,0.943382543,7.95944E-05
1334.022,90.1025,0.943461148,7.92409E-05
1335.018,90.1023,0.943538977,7.89311E-05
1336.02,90.1027,0.943616935,7.8588E-05
1337.022,90.1028,0.943694533,7.82254E-05
1338.018,90.1027,0.943771348,7.79019E-05
1339.02,90.1026,0.943848305,7.75798E-05
1340.022,90.1028,0.943924912,7.72256E-05
1341.018,90.1029,0.944000765,7.69276E-05
1342.02,90.103,0.944076772,7.66217E-05
1343.022,90.1028,0.944152391,7.62304E-05
1344.018,90.1026,0.944227232,7.59004E-05
1345.02,90.1024,0.944302173,7.55469E-05
1346.022,90.1022,0.944376826,7.5256E-05
1347.018,90.1026,0.944450697,7.49169E-05
1348.02,90.1022,0.944524653,7.45536E-05
1349.022,90.1027,0.944598306,7.42491E-05
1350.018,90.1021,0.944671194,7.39197E-05
1351.02,90.1024,0.944744238,7.36347E-05
1352.022,90.1024,0.944816963,7.33125E-05
1353.018,90.1024,0.944888926,7.29819E-05
1354.02,90.1024,0.944961016,7.26734E-05
1355.022,90.1024,0.945032805,7.23688E-05
1356.018,90.1024,0.945103846,7.20473E-05
1357.02,90.102,0.945174975,7.17036E-05
1358.022,90.1023,0.94524585,7.1448E-05
1359.018,90.1019,0.945315971,7.1114E-05
1360.02,90.1023,0.945386246,7.08434E-05
1361.022,90.1019,0.94545619,7.05095E-05
1362.018,90.1022,0.945525517,7.03079E-05
1363.02,90.1022,0.945594947,6.99916E-05
1364.022,90.102,0.945664072,6.96838E-05
1365.018,90.1023,0.945732537,6.9434E-05
1366.02,90.1016,0.945801131,6.91484E-05
1367.022,90.1018,0.945869444,6.8866E-05
1368.018,90.1022,0.945937031,6.85431E-05
1369.02,90.1022,0.946004721,6.82379E-05
1370.022,90.1024,0.946072129,6.79529E-05
1371.018,90.1022,0.946138842,6.76568E-05
1372.02,90.1022,0.94620566,6.73588E-05
1373.022,90.1021,0.946272163,6.70405E-05
1374.018,90.1021,0.946337971,6.67399E-05
1375.02,90.1017,0.946403898,6.64601E-05
1376.022,90.1018,0.946469571,6.62038E-05
1377.018,90.1021,0.946534582,6.59312E-05
1378.02,90.102,0.946599683,6.56279E-05
1379.022,90.1019,0.946664569,6.54101E-05
1380.018,90.1017,0.946728809,6.51492E-05
1381.02,90.1015,0.946793139,6.48505E-05
1382.022,90.1017,0.946857165,6.4544E-05
1383.018,90.102,0.946920449,6.41794E-05
1384.02,90.1015,0.946983861,6.3925E-05
1385.022,90.1017,0.947047036,6.36857E-05
1386.018,90.1018,0.94710953,6.33785E-05
1387.02,90.1019,0.947172074,6.30498E-05
1388.022,90.1017,0.947234308,6.27374E-05
1389.018,90.1015,0.947295902,6.24655E-05
1390.02,90.1016,0.947357623,6.22202E-05
1391.022,90.1016,0.947419082,6.19561E-05
1392.018,90.1017,0.947479931,6.17102E-05
1393.02,90.1018,0.947540867,6.14285E-05
1394.022,90.1015,0.947601525,6.11487E-05
1395.018,90.1018,0.947661531,6.08559E-05
1396.02,90.1014,0.947721602,6.05565E-05
1397.022,90.1016,0.94778141,6.02917E-05
1398.018,90.1017,0.947840587,6.00139E-05
1399.02,90.1018,0.947899834,5.97263E-05
1400.022,90.1016,0.947958802,5.94452E-05
1401.018,90.1018,0.948017138,5.91615E-05
1402.02,90.1016,0.948075518,5.88524E-05
1403.022,90.1016,0.948133648,5.85993E-05
1404.018,90.1014,0.948191181,5.83482E-05
1405.02,90.1015,0.948248822,5.81063E-05
1406.022,90.1014,0.948306179,5.78213E-05
1407.018,90.1011,0.948362982,5.76074E-05
1408.02,90.1014,0.948419905,5.7383E-05
1409.022,90.1012,0.948476562,5.7115E-05
1410.018,90.1013,0.948532662,5.68939E-05
1411.02,90.1013,0.94858883,5.66226E-05
1412.022,90.1009,0.948644806,5.64282E-05
1413.018,90.1014,0.948700175,5.6153E-05
1414.02,90.1011,0.948755699,5.5973E-05
1415.022,90.1014,0.948810959,5.57069E-05
1416.018,90.1013,0.948865681,5.54963E-05
1417.02,90.1011,0.948920462,5.52236E-05
1418.022,90.1013,0.948975048,5.50273E-05
1419.018,90.1013,0.949029032,5.47489E-05
1420.02,90.1014,0.949083059,5.44632E-05
1421.022,90.1012,0.949136864,5.42408E-05
1422.018,90.1009,0.949190123,5.40132E-05
1423.02,90.1011,0.949243498,5.38065E-05
1424.022,90.1012,0.949296672,5.36036E-05
1425.018,90.1011,0.949349285,5.33578E-05
1426.02,90.1012,0.949401953,5.30936E-05
1427.022,90.101,0.949454414,5.28856E-05
1428.018,90.1007,0.949506372,5.26932E-05
1429.02,90.1007,0.949558422,5.24708E-05
1430.022,90.1008,0.949610221,5.22177E-05
1431.018,90.101,0.949661432,5.1936E-05
1432.02,90.1006,0.949712801,5.17847E-05
1433.022,90.1011,0.949763934,5.15466E-05
1434.018,90.1005,0.949814576,5.13588E-05
1435.02,90.1007,0.949865319,5.11527E-05
1436.022,90.1007,0.949915872,5.09616E-05
1437.018,90.1007,0.949965935,5.07719E-05
1438.02,90.1006,0.950016053,5.05234E-05
1439.022,90.1006,0.950065879,5.02286E-05
1440.018,90.1006,0.950115167,4.9986E-05
1441.02,90.1009,0.950164505,4.97375E-05
1442.022,90.1009,0.95021357,4.94616E-05
1443.018,90.1008,0.950262208,4.93266E-05
1444.02,90.1006,0.950310917,4.91023E-05
1445.022,90.1007,0.950359429,4.8904E-05
1446.018,90.1009,0.950407368,4.86177E-05
1447.02,90.1006,0.950455341,4.83607E-05
1448.022,90.1006,0.950503158,4.82042E-05
1449.018,90.0999,0.950550501,4.80131E-05
1450.02,90.1006,0.950597965,4.78475E-05
1451.022,90.1005,0.950645187,4.76036E-05
1452.018,90.1002,0.950691895,4.73694E-05
1453.02,90.1002,0.9507387,4.71842E-05
1454.022,90.1006,0.950785262,4.69383E-05
1455.018,90.1,0.950831319,4.67088E-05
1456.02,90.1003,0.950877533,4.65875E-05
1457.022,90.1,0.950923548,4.63872E-05
1458.018,90.1001,0.950969082,4.61785E-05
1459.02,90.1003,0.951014619,4.59053E-05
1460.022,90.1003,0.951059991,4.57383E-05
1461.018,90.1002,0.951104867,4.55114E-05
1462.02,90.1002,0.951149807,4.5304E-05
1463.022,90.1003,0.951194522,4.50764E-05
1464.018,90.1004,0.951238713,4.48168E-05
1465.02,90.1,0.951282974,4.46185E-05
1466.022,90.1,0.95132703,4.44124E-05
1467.018,90.1,0.951370636,4.42233E-05
1468.02,90.0998,0.951414249,4.3965E-05
1469.022,90.0999,0.951457687,4.37896E-05
1470.018,90.1001,0.951500652,4.35731E-05
1471.02,90.1002,0.951543672,4.33676E-05
1472.022,90.1001,0.951586471,4.31452E-05
1473.018,90.1001,0.951628868,4.29972E-05
1474.02,90.0998,0.951671311,4.27865E-05
1475.022,90.0998,0.951713566,4.25968E-05
1476.018,90.1,0.95175532,4.2345E-05
1477.02,90.1004,0.951797081,4.20985E-05
1478.022,90.1007,0.951838669,4.19237E-05
1479.018,90.1002,0.95187981,4.17235E-05
1480.02,90.1,0.951920965,4.14881E-05
1481.022,90.1004,0.951961895,4.12611E-05
1482.018,90.1002,0.95200235,4.10276E-05
1483.02,90.0999,0.952042873,4.08502E-05
1484.022,90.0999,0.952083147,4.06004E-05
1485.018,90.1,0.952123058,4.04752E-05
1486.02,90.1001,0.952163028,4.02933E-05
1487.022,90.1002,0.952202806,4.01002E-05
1488.018,90.1,0.952242213,3.99646E-05
1489.02,90.0998,0.952281748,3.98543E-05
1490.022,90.1,0.952321075,3.96456E-05
1491.018,90.1003,0.952359988,3.94637E-05
1492.02,90.1003,0.952398968,3.92954E-05
1493.022,90.1003,0.952437802,3.91474E-05
1494.018,90.1002,0.952476275,3.90176E-05
1495.02,90.0999,0.952514799,3.88356E-05
1496.022,90.1,0.95255317,3.86817E-05
1497.018,90.0996,0.952591178,3.85461E-05
1498.02,90.1002,0.952629278,3.84072E-05
1499.022,90.1001,0.952667161,3.81893E-05
1500.018,90.1005,0.95270468,3.80504E-05
1501.02,90.1006,0.952742254,3.78776E-05
1502.022,90.1001,0.952779699,3.77484E-05
1503.018,90.1002,0.952816765,3.759E-05
1504.02,90.0997,0.952853869,3.74047E-05
1505.022,90.1,0.952890905,3.7335E-05
1506.018,90.0997,0.952927506,3.71191E-05
1507.02,90.1,0.952964184,3.6975E-05
1508.022,90.0999,0.953000744,3.68556E-05
1509.018,90.1002,0.953036937,3.6705E-05
1510.02,90.1001,0.953073178,3.65347E-05
1511.022,90.0999,0.953109223,3.63358E-05
1512.018,90.0997,0.953144864,3.6146E-05
1513.02,90.0998,0.953180609,3.60332E-05
1514.022,90.0997,0.953216181,3.58604E-05
1515.018,90.0995,0.953251426,3.57436E-05
1516.02,90.0995,0.953286707,3.55662E-05
1517.022,90.0993,0.953321905,3.54828E-05
1518.018,90.0994,0.95335672,3.53073E-05
1519.02,90.0993,0.953391599,3.51612E-05
1520.022,90.0995,0.953426285,3.49663E-05
1521.018,90.0994,0.953460585,3.47853E-05
1522.02,90.0995,0.953494938,3.46314E-05
1523.022,90.0991,0.953529112,3.44501E-05
1524.018,90.0994,0.95356289,3.42563E-05
1525.02,90.0993,0.953596659,3.40418E-05
1526.022,90.0989,0.953630265,3.38778E-05
1527.018,90.0991,0.953663495,3.37009E-05
1528.02,90.099,0.953696758,3.35318E-05
1529.022,90.0989,0.953729813,3.33217E-05
1530.018,90.0994,0.953762508,3.31576E-05
1531.02,90.0993,0.953795222,3.29791E-05
1532.022,90.0993,0.953827779,3.28197E-05
1533.018,90.0993,0.953859901,3.25771E-05
1534.02,90.0991,0.953892031,3.23894E-05
1535.022,90.099,0.953924022,3.22499E-05
1536.018,90.0992,0.953955649,3.2075E-05
1537.02,90.099,0.953987294,3.19012E-05
1538.022,90.0991,0.954018764,3.17235E-05
1539.018,90.0992,0.954049914,3.15913E-05
1540.02,90.099,0.954081118,3.14562E-05
1541.022,90.0989,0.954112203,3.13369E-05
1542.018,90.0991,0.954142943,3.11752E-05
1543.02,90.0993,0.954173756,3.1062E-05
1544.022,90.0992,0.954204388,3.08791E-05
1545.018,90.0995,0.954234688,3.07295E-05
1546.02,90.0998,0.954265029,3.05865E-05
1547.022,90.0993,0.954295215,3.04302E-05
1548.018,90.0989,0.95432507,3.02771E-05
1549.02,90.0988,0.954355036,3.02088E-05
1550.022,90.0991,0.954384836,3.00406E-05
1551.018,90.0991,0.954414367,2.99495E-05
1552.02,90.0988,0.954443938,2.98102E-05
1553.022,90.0986,0.954473385,2.96844E-05
1554.018,90.0991,0.954502532,2.956E-05
1555.02,90.0991,0.954531726,2.94297E-05
1556.022,90.0988,0.954560812,2.9321E-05
1557.018,90.099,0.954589634,2.92302E-05
1558.02,90.0987,0.954618523,2.91223E-05
1559.022,90.0988,0.954647297,2.90067E-05
1560.018,90.0989,0.954675771,2.8877E-05
1561.02,90.0991,0.954704223,2.86822E-05
1562.022,90.0989,0.954732579,2.8586E-05
1563.018,90.0987,0.954760635,2.84531E-05
1564.02,90.0991,0.954788732,2.83239E-05
1565.022,90.0987,0.954816682,2.81759E-05
1566.018,90.0984,0.954844362,2.80717E-05
1567.02,90.0985,0.954872063,2.79255E-05
1568.022,90.0988,0.954899645,2.78046E-05
1569.018,90.0987,0.95492703,2.77728E-05
1570.02,90.0986,0.954954394,2.75851E-05
1571.022,90.0986,0.95498164,2.74661E-05
1572.018,90.0989,0.955008616,2.73582E-05
1573.02,90.0988,0.955035647,2.72495E-05
1574.022,90.0986,0.955062591,2.7162E-05
1575.018,90.0988,0.955089282,2.70685E-05
1576.02,90.0984,0.955115985,2.69188E-05
1577.022,90.0988,0.955142564,2.67947E-05
1578.018,90.0983,0.955168925,2.67339E-05
1579.02,90.0986,0.955195394,2.66826E-05
1580.022,90.0986,0.955221714,2.6533E-05
1581.018,90.0986,0.955247672,2.6325E-05
1582.02,90.0987,0.955273714,2.6253E-05
1583.022,90.0986,0.9552996,2.60957E-05
1584.018,90.0986,0.955325261,2.60237E-05
1585.02,90.0984,0.955350937,2.58842E-05
1586.022,90.0986,0.955376492,2.57609E-05
1587.018,90.0986,0.955401752,2.56178E-05
1588.02,90.0984,0.955427014,2.54668E-05
1589.022,90.0984,0.955452162,2.53511E-05
1590.018,90.0988,0.955477045,2.52356E-05
1591.02,90.098,0.955501946,2.5102E-05
1592.022,90.0984,0.955526743,2.49975E-05
1593.018,90.0983,0.955551272,2.48758E-05
1594.02,90.0985,0.955575778,2.47042E-05
1595.022,90.0987,0.95560014,2.45592E-05
1596.018,90.0986,0.95562421,2.44106E-05
1597.02,90.0985,0.955648272,2.42565E-05
1598.022,90.0985,0.955672218,2.41398E-05
1599.018,90.0984,0.955695824,2.39406E-05
1600.02,90.0986,0.955719498,2.38648E-05
1601.022,90.0984,0.955743069,2.37613E-05
1602.018,90.0988,0.955766362,2.36234E-05
1603.02,90.0985,0.955789698,2.35242E-05
1604.022,90.0988,0.955812958,2.34485E-05
1605.018,90.0987,0.955835919,2.32859E-05
1606.02,90.0987,0.955858908,2.31751E-05
1607.022,90.0983,0.955881844,2.31209E-05
1608.018,90.0987,0.955904556,2.30335E-05
1609.02,90.0982,0.955927238,2.28655E-05
1610.022,90.0984,0.955949787,2.27317E-05
1611.018,90.0984,0.955972126,2.26549E-05
1612.02,90.0984,0.955994554,2.26098E-05
1613.022,90.0986,0.956016968,2.25948E-05
1614.018,90.0987,0.956039146,2.24923E-05
1615.02,90.0986,0.956061329,2.23619E-05
1616.022,90.0984,0.95608338,2.22295E-05
1617.018,90.0985,0.956105206,2.21349E-05
1618.02,90.0986,0.956127083,2.20542E-05
1619.022,90.0986,0.956148785,2.18769E-05
1620.018,90.0984,0.956170276,2.17954E-05
1621.02,90.0987,0.956191829,2.17279E-05
1622.022,90.0987,0.956213286,2.16299E-05
1623.018,90.0984,0.9562346,2.16158E-05
1624.02,90.098,0.956255942,2.15148E-05
1625.022,90.0981,0.956277207,2.14369E-05
1626.018,90.0983,0.956298222,2.13129E-05
1627.02,90.0984,0.956319326,2.12747E-05
1628.022,90.0984,0.956340376,2.12202E-05
1629.018,90.0984,0.956361207,2.11257E-05
1630.02,90.0984,0.956382109,2.10704E-05
1631.022,90.0984,0.9564029,2.09596E-05
1632.018,90.0984,0.956423521,2.09126E-05
1633.02,90.0983,0.956444253,2.09001E-05
1634.022,90.0982,0.956464906,2.08194E-05
1635.018,90.0986,0.956485321,2.0704E-05
1636.02,90.0988,0.956505763,2.06077E-05
1637.022,90.0984,0.956526086,2.04874E-05
1638.018,90.0986,0.95654624,2.04392E-05
1639.02,90.0986,0.956566488,2.04122E-05
1640.022,90.0983,0.956586618,2.02923E-05
1641.018,90.0986,0.956606552,2.02165E-05
1642.02,90.0982,0.956626529,2.01382E-05
1643.022,90.0982,0.956646487,2.01193E-05
1644.018,90.0984,0.956666248,2.00411E-05
1645.02,90.0985,0.95668603,1.99414E-05
1646.022,90.0984,0.956705703,1.98325E-05
1647.018,90.0987,0.95672515,1.97223E-05
1648.02,90.0984,0.956744632,1.96394E-05
1649.022,90.0986,0.956764055,1.95797E-05
1650.018,90.098,0.956783255,1.94724E-05
1651.02,90.0981,0.956802475,1.93752E-05
1652.022,90.0984,0.956821598,1.92773E-05
1653.018,90.0984,0.956840461,1.91298E-05
1654.02,90.0984,0.95685944,1.91323E-05
1655.022,90.0985,0.956878292,1.90053E-05
1656.018,90.0979,0.956896875,1.88453E-05
1657.02,90.0982,0.956915487,1.87629E-05
1658.022,90.098,0.956934009,1.86717E-05
1659.018,90.0979,0.956952365,1.86161E-05
1660.02,90.0982,0.95697079,1.85734E-05
1661.022,90.098,0.956989141,1.84998E-05
1662.018,90.0982,0.957007289,1.84049E-05
1663.02,90.0983,0.957025527,1.83851E-05
1664.022,90.0984,0.957043708,1.83286E-05
1665.018,90.0988,0.957061666,1.8212E-05
1666.02,90.0984,0.957079618,1.80976E-05
1667.022,90.0984,0.9570975,1.8026E-05
1668.018,90.0982,0.957115158,1.79082E-05
1669.02,90.0983,0.957132878,1.78627E-05
1670.022,90.0986,0.957150505,1.77704E-05
1671.018,90.0986,0.957167936,1.7677E-05
1672.02,90.0989,0.957185393,1.75988E-05
1673.022,90.0981,0.957202731,1.74773E-05
1674.018,90.0982,0.957219939,1.74522E-05
1675.02,90.0986,0.95723712,1.73202E-05
1676.022,90.0986,0.957254254,1.72717E-05
1677.018,90.0984,0.957271195,1.71813E-05
1678.02,90.0984,0.957288142,1.70841E-05
1679.022,90.0983,0.95730498,1.69739E-05
1680.018,90.0986,0.957321643,1.68988E-05
1681.02,90.0984,0.957338252,1.67433E-05
1682.022,90.0982,0.957354833,1.67154E-05
1683.018,90.0986,0.957371213,1.6612E-05
1684.02,90.0988,0.957387626,1.6546E-05
1685.022,90.0985,0.957403966,1.64719E-05
1686.018,90.0983,0.957420139,1.64012E-05
1687.02,90.0984,0.957436322,1.63144E-05
1688.022,90.0983,0.957452496,1.63045E-05
1689.018,90.0988,0.95746848,1.62104E-05
1690.02,90.0985,0.957484428,1.60769E-05
1691.022,90.0986,0.957500306,1.60068E-05
1692.018,90.099,0.957516006,1.59223E-05
1693.02,90.0983,0.957531682,1.58022E-05
1694.022,90.099,0.957547323,1.5768E-05
1695.018,90.0986,0.957562843,1.57394E-05
1696.02,90.0987,0.957578453,1.57358E-05
1697.022,90.0984,0.957593963,1.56361E-05
1698.018,90.0984,0.957609338,1.55921E-05
1699.02,90.0987,0.957624689,1.5475E-05
1700.022,90.0983,0.957639968,1.54033E-05
1701.018,90.0984,0.957655142,1.53885E-05
1702.02,90.0984,0.957670321,1.53013E-05
1703.022,90.0982,0.95768549,1.52916E-05
1704.018,90.0986,0.957700535,1.52582E-05
1705.02,90.0986,0.957715516,1.51026E-05
1706.022,90.0986,0.957730485,1.50897E-05
1707.018,90.099,0.957745322,1.50466E-05
1708.02,90.0984,0.957760187,1.49854E-05
1709.022,90.0984,0.957774987,1.49196E-05
1710.018,90.0982,0.957789622,1.48421E-05
1711.02,90.0982,0.957804351,1.48485E-05
1712.022,90.0981,0.957819031,1.47987E-05
1713.018,90.0982,0.95783359,1.47651E-05
1714.02,90.0982,0.957848193,1.47208E-05
1715.022,90.0982,0.957862803,1.47285E-05
1716.018,90.0984,0.957877247,1.46483E-05
1717.02,90.0984,0.957891753,1.46229E-05
1718.022,90.0981,0.957906243,1.46074E-05
1719.018,90.0984,0.957920578,1.45381E-05
1720.02,90.0978,0.957934901,1.4439E-05
1721.022,90.0981,0.957949226,1.444E-05
1722.018,90.098,0.957963451,1.4427E-05
1723.02,90.0984,0.957977714,1.43779E-05
1724.022,90.0981,0.957991949,1.43503E-05
1725.018,90.0984,0.958006068,1.43195E-05
1726.02,90.0982,0.958020259,1.43053E-05
1727.022,90.0982,0.958034404,1.42591E-05
1728.018,90.0983,0.958048408,1.42026E-05
1729.02,90.098,0.958062403,1.41078E-05
1730.022,90.098,0.958076373,1.40833E-05
1731.018,90.0983,0.9580902,1.40222E-05
1732.02,90.0984,0.958104038,1.395E-05
1733.022,90.0981,0.958117902,1.3976E-05
1734.018,90.0982,0.958131586,1.38784E-05
1735.02,90.0978,0.95814534,1.3865E-05
1736.022,90.0979,0.958159062,1.38334E-05
1737.018,90.0981,0.958172614,1.3743E-05
1738.02,90.0982,0.958186136,1.36322E-05
1739.022,90.0981,0.95819964,1.36123E-05
1740.018,90.0982,0.958213,1.35495E-05
1741.02,90.0981,0.95822644,1.35491E-05
1742.022,90.0984,0.958239819,1.34868E-05
1743.018,90.0983,0.958253065,1.34333E-05
1744.02,90.0978,0.958266345,1.33875E-05
1745.022,90.098,0.958279611,1.33735E-05
1746.018,90.0981,0.958292711,1.32854E-05
1747.02,90.0977,0.958305844,1.32395E-05
1748.022,90.0977,0.958319013,1.3275E-05
1749.018,90.0976,0.958332056,1.3228E-05
1750.02,90.0978,0.958345146,1.31957E-05
1751.022,90.0981,0.958358198,1.3157E-05
1752.018,90.0982,0.958371113,1.30978E-05
1753.02,90.0977,0.958384101,1.30931E-05
1754.022,90.0981,0.958397087,1.30914E-05
1755.018,90.0977,0.958409951,1.30456E-05
1756.02,90.0977,0.958422857,1.30102E-05
1757.022,90.0978,0.958435696,1.2943E-05
1758.018,90.098,0.958448407,1.28912E-05
1759.02,90.0978,0.958461257,1.29534E-05
1760.022,90.0978,0.958474048,1.28953E-05
1761.018,90.0979,0.958486724,1.28555E-05
1762.02,90.0978,0.958499418,1.27957E-05
1763.022,90.098,0.958512087,1.27721E-05
1764.018,90.098,0.958524561,1.26501E-05
1765.02,90.0976,0.958537103,1.26434E-05
1766.022,90.0978,0.958549607,1.26054E-05
1767.018,90.0979,0.95856202,1.25886E-05
1768.02,90.0981,0.958574416,1.24962E-05
1769.022,90.0979,0.958586775,1.24589E-05
1770.018,90.0983,0.958599012,1.24102E-05
1771.02,90.0981,0.958611235,1.2322E-05
1772.022,90.0979,0.958623414,1.22774E-05
1773.018,90.0979,0.958635555,1.23123E-05
1774.02,90.0977,0.958647722,1.22654E-05
1775.022,90.0981,0.958659905,1.22815E-05
1776.018,90.0982,0.958671928,1.21933E-05
1777.02,90.098,0.958683966,1.21361E-05
1778.022,90.0983,0.958695924,1.20547E-05
1779.018,90.0986,0.958707802,1.20461E-05
1780.02,90.0984,0.958719668,1.19616E-05
1781.022,90.0983,0.958731478,1.19055E-05
1782.018,90.0988,0.958743193,1.1881E-05
1783.02,90.098,0.958754968,1.18696E-05
1784.022,90.0981,0.958766688,1.18152E-05
1785.018,90.0983,0.958778247,1.17224E-05
1786.02,90.0981,0.958789854,1.17008E-05
1787.022,90.098,0.958801416,1.16556E-05
1788.018,90.0978,0.9588129,1.1647E-05
1789.02,90.098,0.958824426,1.16189E-05
1790.022,90.0982,0.958835921,1.15878E-05
1791.018,90.0985,0.958847278,1.15175E-05
1792.02,90.0982,0.958858617,1.14312E-05
1793.022,90.0984,0.958869946,1.14202E-05
1794.018,90.0981,0.958881128,1.13403E-05
1795.02,90.0983,0.958892345,1.13084E-05
1796.022,90.0983,0.958903512,1.12568E-05
1797.018,90.0982,0.958914581,1.12261E-05
1798.02,90.0983,0.958925708,1.12169E-05
1799.022,90.0985,0.958936744,1.1125E-05
1800.018,90.0982,0.958947694,1.1105E-05
1801.02,90.0982,0.958958637,1.10316E-05
1802.022,90.0983,0.958969556,1.10071E-05
1803.018,90.0983,0.958980318,1.09139E-05
1804.02,90.0984,0.958991088,1.08573E-05
1805.022,90.0981,0.959001836,1.08353E-05
1806.018,90.0981,0.959012478,1.07926E-05
1807.02,90.098,0.959023137,1.07448E-05
1808.022,90.0982,0.959033776,1.07254E-05
1809.018,90.0982,0.959044253,1.06254E-05
1810.02,90.098,0.959054806,1.06384E-05
1811.022,90.0983,0.95906532,1.05991E-05
1812.018,90.0982,0.959075691,1.05173E-05
1813.02,90.0983,0.959086098,1.04915E-05
1814.022,90.0979,0.959096414,1.0399E-05
1815.018,90.0978,0.959106696,1.04275E-05
1816.02,90.0984,0.959116992,1.03792E-05
1817.022,90.0984,0.95912717,1.02604E-05
1818.018,90.0982,0.959137256,1.02292E-05
1819.02,90.0982,0.959147367,1.01929E-05
1820.022,90.0979,0.959157495,1.02089E-05
1821.018,90.098,0.959167479,1.01255E-05
1822.02,90.0982,0.959177566,1.01693E-05
1823.022,90.0981,0.959187647,1.01618E-05
1824.018,90.0979,0.95919757,1.00634E-05
1825.02,90.0976,0.95920755,1.00609E-05
1826.022,90.098,0.959217484,1.00146E-05
1827.018,90.098,0.959227323,9.97811E-06
1828.02,90.098,0.959237196,9.95287E-06
1829.022,90.098,0.959247031,9.91453E-06
1830.018,90.0977,0.959256776,9.88263E-06
1831.02,90.0977,0.95926655,9.85289E-06
1832.022,90.0979,0.959276276,9.80542E-06
1833.018,90.0977,0.95928593,9.78996E-06
1834.02,90.0977,0.959295609,9.758E-06
1835.022,90.0981,0.959305233,9.70139E-06
1836.018,90.0977,0.959314803,9.70596E-06
1837.02,90.0978,0.959324411,9.68509E-06
1838.022,90.0973,0.959334038,9.70504E-06
1839.018,90.0979,0.959343603,9.70022E-06
1840.02,90.098,0.959353194,9.66898E-06
1841.022,90.0975,0.959362748,9.63148E-06
1842.018,90.0975,0.959372307,9.69409E-06
1843.02,90.0975,0.959381857,9.62743E-06
1844.022,90.0978,0.959391374,9.59313E-06
1845.018,90.0976,0.959400806,9.56593E-06
1846.02,90.0974,0.959410271,9.54154E-06
1847.022,90.0977,0.959419716,9.521E-06
1848.018,90.0977,0.959429076,9.49328E-06
1849.02,90.098,0.959438493,9.49263E-06
1850.022,90.098,0.959447903,9.48643E-06
1851.018,90.0976,0.959457167,9.39461E-06
1852.02,90.098,0.959466479,9.38776E-06
1853.022,90.0976,0.959475683,9.27819E-06
1854.018,90.0977,0.959484767,9.21278E-06
1855.02,90.098,0.959493932,9.23847E-06
1856.022,90.0979,0.959502992,9.13354E-06
1857.018,90.0981,0.959511981,9.11671E-06
1858.02,90.0981,0.959520998,9.08925E-06
1859.022,90.0979,0.959530039,9.11436E-06
1860.018,90.0977,0.959539004,9.09199E-06
1861.02,90.0982,0.959547991,9.05945E-06
1862.022,90.0981,0.959556884,8.96495E-06
1863.018,90.0982,0.95956571,8.95099E-06
1864.02,90.0978,0.959574507,8.86804E-06
1865.022,90.098,0.959583283,8.84677E-06
1866.018,90.0983,0.959591949,8.78886E-06
1867.02,90.0983,0.959600654,8.77595E-06
1868.022,90.0985,0.959609362,8.77843E-06
1869.018,90.0984,0.959617931,8.68973E-06
1870.02,90.0986,0.959626542,8.68066E-06
1871.022,90.0983,0.959635053,8.57997E-06
1872.018,90.0982,0.959643481,8.54755E-06
1873.02,90.098,0.959651944,8.53105E-06
1874.022,90.0982,0.959660397,8.52127E-06
1875.018,90.0982,0.959668761,8.48234E-06
1876.02,90.0981,0.959677173,8.48044E-06
1877.022,90.0981,0.959685597,8.49192E-06
1878.018,90.0981,0.959693958,8.47894E-06
1879.02,90.0985,0.959702293,8.40244E-06
1880.022,90.0985,0.959710641,8.41633E-06
1881.018,90.0982,0.959718918,8.39338E-06
1882.02,90.0984,0.959727213,8.36214E-06
1883.022,90.0988,0.959735458,8.31159E-06
1884.018,90.0985,0.959743637,8.29549E-06
1885.02,90.0987,0.959751919,8.34896E-06
1886.022,90.0987,0.959760142,8.2889E-06
1887.018,90.0984,0.959768317,8.29085E-06
1888.02,90.0984,0.959776541,8.29112E-06
1889.022,90.0986,0.959784789,8.31466E-06
1890.018,90.0982,0.959792927,8.25238E-06
1891.02,90.0982,0.959801116,8.25525E-06
1892.022,90.0984,0.959809266,8.21618E-06
1893.018,90.098,0.959817305,8.15292E-06
1894.02,90.0977,0.959825444,8.20464E-06
1895.022,90.0981,0.959833593,8.21546E-06
1896.018,90.0984,0.959841618,8.13857E-06
1897.02,90.0984,0.959849669,8.11568E-06
1898.022,90.0984,0.959857651,8.04694E-06
1899.018,90.0985,0.95986552,7.97983E-06
1900.02,90.0982,0.959873471,8.01537E-06
1901.022,90.0982,0.959881402,7.99509E-06
1902.018,90.0982,0.959889203,7.91109E-06
1903.02,90.0981,0.959897058,7.91918E-06
1904.022,90.0983,0.959904939,7.94416E-06
1905.018,90.098,0.959912747,7.91892E-06
1906.02,90.0982,0.959920519,7.83439E-06
1907.022,90.0981,0.959928313,7.85715E-06
1908.018,90.0979,0.959935979,7.77491E-06
1909.02,90.0981,0.959943712,7.79578E-06
1910.022,90.0977,0.959951458,7.80791E-06
1911.018,90.0981,0.959959113,7.76376E-06
1912.02,90.0978,0.95996674,7.6885E-06
1913.022,90.0977,0.95997438,7.70174E-06
1914.018,90.0983,0.959981948,7.67539E-06
1915.02,90.0982,0.959989551,7.6645E-06
1916.022,90.0981,0.959997139,7.64878E-06
1917.018,90.0983,0.96000462,7.58689E-06
1918.02,90.0983,0.960012129,7.57046E-06
1919.022,90.0981,0.960019609,7.54006E-06
1920.018,90.098,0.960027049,7.54541E-06
1921.02,90.0983,0.960034487,7.49858E-06
1922.022,90.0981,0.960041896,7.46806E-06
1923.018,90.0984,0.960049259,7.46806E-06
1924.02,90.0982,0.960056649,7.44921E-06
1925.022,90.0977,0.960064015,7.42561E-06
1926.018,90.0983,0.960071348,7.43689E-06
1927.02,90.0982,0.96007871,7.42195E-06
1928.022,90.0981,0.96008604,7.38856E-06
1929.018,90.0981,0.960093277,7.34024E-06
1930.02,90.0981,0.960100565,7.34695E-06
1931.022,90.0982,0.960107838,7.33163E-06
1932.018,90.0981,0.960115014,7.27684E-06
1933.02,90.098,0.960122184,7.22799E-06
1934.022,90.0979,0.960129388,7.26269E-06
1935.018,90.0981,0.96013653,7.24267E-06
1936.02,90.0982,0.960143673,7.20152E-06
1937.022,90.0982,0.960150791,7.17497E-06
1938.018,90.0982,0.960157861,7.17034E-06
1939.02,90.0981,0.960164969,7.16499E-06
1940.022,90.098,0.960172064,7.15325E-06
1941.018,90.0981,0.960179146,7.18162E-06
1942.02,90.098,0.960186226,7.13702E-06
1943.022,90.0984,0.960193279,7.11054E-06
1944.018,90.098,0.960200289,7.10891E-06
1945.02,90.0981,0.960207297,7.06495E-06
1946.022,90.0983,0.960214288,7.04754E-06
1947.018,90.0984,0.960221207,7.01656E-06
1948.02,90.0984,0.960228156,7.0058E-06
1949.022,90.0983,0.960235166,7.06651E-06
1950.018,90.0982,0.960242189,7.12195E-06
1951.02,90.0984,0.960249203,7.07101E-06
1952.022,90.0983,0.960256265,7.11882E-06
1953.018,90.0984,0.960263261,7.09521E-06
1954.02,90.0978,0.960270293,7.08875E-06
1955.022,90.0982,0.960277373,7.13747E-06
1956.018,90.0983,0.960284384,7.11041E-06
1957.02,90.0981,0.960291372,7.04428E-06
1958.022,90.0982,0.960298387,7.07167E-06
1959.018,90.0979,0.960305362,7.07362E-06
1960.02,90.0975,0.96031236,7.05451E-06
1961.022,90.0978,0.960319295,6.99138E-06
1962.018,90.0976,0.960326181,6.98401E-06
1963.02,90.0976,0.960333061,6.93523E-06
1964.022,90.0981,0.960339937,6.93138E-06
1965.018,90.0982,0.960346732,6.89088E-06
1966.02,90.0981,0.960353513,6.83629E-06
1967.022,90.0978,0.960360207,6.74851E-06
1968.018,90.098,0.960366802,6.68766E-06
1969.02,90.0979,0.960373459,6.71153E-06
1970.022,90.098,0.960380094,6.68864E-06
1971.018,90.098,0.960386568,6.56544E-06
1972.02,90.0981,0.960393074,6.55814E-06
1973.022,90.0977,0.960399551,6.52951E-06
1974.018,90.0979,0.96040596,6.49983E-06
1975.02,90.0978,0.96041236,6.4519E-06
1976.022,90.098,0.960418729,6.41988E-06
1977.018,90.0979,0.96042501,6.37038E-06
1978.02,90.0979,0.960431293,6.33372E-06
1979.022,90.0976,0.960437534,6.29133E-06
1980.018,90.0978,0.960443754,6.3079E-06
1981.02,90.0979,0.960449952,6.24874E-06
1982.022,90.0977,0.960456138,6.23544E-06
1983.018,90.0978,0.960462224,6.17296E-06
1984.02,90.098,0.960468341,6.16592E-06
1985.022,90.0981,0.96047441,6.11805E-06
1986.018,90.0978,0.960480436,6.11146E-06
1987.02,90.0978,0.960486489,6.10148E-06
1988.022,90.0979,0.960492503,6.06281E-06
1989.018,90.0976,0.960498477,6.05896E-06
1990.02,90.0975,0.96050452,6.09144E-06
1991.022,90.0974,0.960510515,6.04344E-06
1992.018,90.0975,0.960516508,6.07826E-06
1993.02,90.0977,0.960522488,6.02844E-06
1994.022,90.0977,0.960528443,6.00313E-06
1995.018,90.0981,0.960534346,5.98618E-06
1996.02,90.0977,0.960540235,5.93668E-06
1997.022,90.0977,0.960546138,5.9507E-06
1998.018,90.0978,0.960551938,5.88241E-06
1999.02,90.0977,0.960557751,5.85991E-06
2000.022,90.0978,0.960563583,5.87954E-06
2001.018,90.0984,0.960569356,5.85444E-06
2002.02,90.0979,0.960575088,5.77787E-06
2003.022,90.098,0.960580865,5.82385E-06
2004.018,90.0977,0.96058657,5.78543E-06
2005.02,90.0978,0.96059231,5.78641E-06
2006.022,90.098,0.960598007,5.7435E-06
2007.018,90.0981,0.960603715,5.78915E-06
2008.02,90.0982,0.960609371,5.70183E-06
2009.022,90.0981,0.96061501,5.68448E-06
2010.018,90.0981,0.960620595,5.66341E-06
2011.02,90.0979,0.96062617,5.62004E-06
2012.022,90.0982,0.960631714,5.58919E-06
2013.018,90.098,0.960637165,5.52782E-06
2014.02,90.0981,0.960642636,5.51517E-06
2015.022,90.0977,0.960648088,5.49619E-06
2016.018,90.098,0.960653514,5.50317E-06
2017.02,90.0983,0.960658913,5.44265E-06
2018.022,90.0976,0.960664259,5.38897E-06
2019.018,90.098,0.960669566,5.38252E-06
2020.02,90.098,0.960674888,5.36445E-06
2021.022,90.0981,0.960680169,5.32369E-06
2022.018,90.0983,0.960685452,5.35813E-06
2023.02,90.0978,0.960690777,5.36765E-06
2024.022,90.0981,0.960696108,5.37489E-06
2025.018,90.098,0.960701378,5.34456E-06
2026.02,90.0977,0.960706729,5.39413E-06
2027.022,90.098,0.960712076,5.38963E-06
2028.018,90.0976,0.960717459,5.45947E-06
2029.02,90.0978,0.960722861,5.4463E-06
2030.022,90.0979,0.960728257,5.43952E-06
2031.018,90.098,0.960733631,5.4493E-06
2032.02,90.0978,0.960738988,5.4011E-06
2033.022,90.0977,0.96074433,5.38467E-06
2034.018,90.0976,0.96074964,5.38578E-06
2035.02,90.098,0.960754951,5.35395E-06
2036.022,90.0977,0.96076022,5.31097E-06
2037.018,90.0976,0.960765434,5.28756E-06
2038.02,90.0979,0.960770629,5.23734E-06
2039.022,90.0979,0.960775776,5.18895E-06
2040.018,90.098,0.960780864,5.16019E-06
2041.02,90.098,0.960785966,5.14291E-06
2042.022,90.0978,0.96079103,5.10462E-06
2043.018,90.0981,0.960796017,5.0574E-06
2044.02,90.0978,0.960800929,4.95247E-06
2045.022,90.098,0.960805779,4.88862E-06
2046.018,90.0979,0.960810539,4.8279E-06
2047.02,90.0976,0.960815355,4.85432E-06
2048.022,90.0976,0.960820171,4.8549E-06
2049.018,90.0975,0.960824867,4.76249E-06
2050.02,90.0976,0.960829573,4.74501E-06
2051.022,90.0977,0.96083427,4.73477E-06
2052.018,90.098,0.960838937,4.73308E-06
2053.02,90.0975,0.960843596,4.69688E-06
2054.022,90.0973,0.960848263,4.70379E-06
2055.018,90.0978,0.960852851,4.6539E-06
2056.02,90.0981,0.960857419,4.60427E-06
2057.022,90.0976,0.960861939,4.55692E-06
2058.018,90.0977,0.960866445,4.56925E-06
2059.02,90.098,0.960870932,4.52353E-06
2060.022,90.0975,0.960875384,4.48759E-06
2061.018,90.0979,0.960879824,4.50305E-06
2062.02,90.0979,0.96088425,4.46249E-06
2063.022,90.0978,0.96088866,4.44553E-06
2064.018,90.098,0.960893074,4.4767E-06
2065.02,90.0975,0.960897538,4.49972E-06
2066.022,90.0975,0.960902047,4.54492E-06
2067.018,90.0976,0.96090649,4.50638E-06
2068.02,90.0976,0.960910936,4.48172E-06
2069.022,90.0974,0.960915338,4.43822E-06
2070.018,90.0977,0.960919755,4.47951E-06
2071.02,90.0977,0.960924168,4.44846E-06
2072.022,90.0978,0.960928597,4.46412E-06
2073.018,90.0978,0.960932979,4.44468E-06
2074.02,90.0979,0.960937386,4.44272E-06
2075.022,90.0975,0.96094181,4.45955E-06
2076.018,90.0976,0.960946202,4.45381E-06
2077.02,90.0978,0.960950554,4.38768E-06
2078.022,90.0978,0.960954908,4.38885E-06
2079.018,90.0981,0.960959211,4.36446E-06
2080.02,90.0977,0.96096356,4.38344E-06
2081.022,90.0978,0.960967885,4.36022E-06
2082.018,90.0978,0.96097216,4.33603E-06
2083.02,90.0979,0.960976475,4.34992E-06
2084.022,90.0976,0.960980747,4.30635E-06
2085.018,90.0976,0.96098499,4.30309E-06
2086.02,90.0982,0.960989254,4.29833E-06
2087.022,90.0978,0.960993411,4.19046E-06
2088.018,90.0975,0.960997582,4.23005E-06
2089.02,90.0977,0.961001718,4.16933E-06
2090.022,90.0979,0.961005797,4.11168E-06
2091.018,90.0978,0.961009818,4.07796E-06
2092.02,90.0978,0.961013845,4.05989E-06
2093.022,90.0978,0.961017827,4.01378E-06
2094.018,90.0977,0.961021794,4.02324E-06
2095.02,90.0977,0.961025768,4.00641E-06
2096.022,90.0978,0.961029741,4.00518E-06
2097.018,90.0976,0.961033587,3.90063E-06
2098.02,90.0977,0.961037409,3.85315E-06
2099.022,90.0977,0.9610412,3.82093E-06
2100.018,90.0978,0.96104497,3.82341E-06
2101.02,90.0978,0.961048717,3.77776E-06
2102.022,90.0976,0.961052457,3.77052E-06
2103.018,90.0973,0.96105619,3.78493E-06
2104.02,90.0975,0.961059907,3.74724E-06
2105.022,90.0977,0.96106357,3.69291E-06
2106.018,90.0979,0.961067139,3.61954E-06
2107.02,90.0974,0.961070751,3.64152E-06
2108.022,90.0977,0.961074349,3.62711E-06
2109.018,90.0981,0.961077891,3.59215E-06
2110.02,90.0979,0.961081434,3.57128E-06
2111.022,90.0975,0.961084977,3.57115E-06
2112.018,90.0975,0.961088406,3.47847E-06
2113.02,90.0976,0.961091881,3.50254E-06
2114.022,90.0976,0.961095319,3.46569E-06
2115.018,90.0974,0.961098703,3.43184E-06
2116.02,90.0978,0.961102129,3.45408E-06
2117.022,90.0979,0.961105527,3.42526E-06
2118.018,90.0977,0.961108873,3.39323E-06
2119.02,90.0974,0.961112228,3.38273E-06
2120.022,90.0973,0.961115594,3.39245E-06
2121.018,90.0975,0.961118882,3.33506E-06
2122.02,90.0975,0.961122142,3.28641E-06
2123.022,90.0978,0.961125384,3.26756E-06
2124.018,90.0975,0.961128563,3.22484E-06
2125.02,90.0976,0.961131788,3.25067E-06
2126.022,90.0974,0.961134935,3.17293E-06
2127.018,90.0979,0.961138033,3.14104E-06
2128.02,90.0978,0.961141046,3.03825E-06
2129.022,90.0978,0.961144047,3.02456E-06
2130.018,90.0979,0.96114701,3.00493E-06
2131.02,90.0976,0.961150015,3.02951E-06
2132.022,90.0972,0.961152973,2.98184E-06
2133.018,90.0973,0.961155912,2.9804E-06
2134.02,90.097,0.961158868,2.97995E-06
2135.022,90.0972,0.961161856,3.01249E-06
2136.018,90.0972,0.961164739,2.92334E-06
2137.02,90.0975,0.961167618,2.90221E-06
2138.022,90.0974,0.961170468,2.87364E-06
2139.018,90.0975,0.961173219,2.79016E-06
2140.02,90.0975,0.961175971,2.77418E-06
2141.022,90.0979,0.961178747,2.79812E-06
2142.018,90.0981,0.961181447,2.73831E-06
2143.02,90.0975,0.961184139,2.71327E-06
2144.022,90.0973,0.961186941,2.82558E-06
2145.018,90.0975,0.961189686,2.78299E-06
2146.02,90.0975,0.961192378,2.71386E-06
2147.022,90.0977,0.96119512,2.76466E-06
2148.018,90.0978,0.961197792,2.71014E-06
2149.02,90.0975,0.961200466,2.69501E-06
2150.022,90.0979,0.961203163,2.71875E-06
2151.018,90.0974,0.961205803,2.6772E-06
2152.02,90.0975,0.961208482,2.70088E-06
2153.022,90.0978,0.961211104,2.64323E-06
2154.018,90.0975,0.96121372,2.65301E-06
2155.02,90.0978,0.961216339,2.64023E-06
2156.022,90.0973,0.96121889,2.57201E-06
2157.018,90.0972,0.961221436,2.58205E-06
2158.02,90.0974,0.961223968,2.55231E-06
2159.022,90.0976,0.961226455,2.50705E-06
2160.018,90.0975,0.96122896,2.54064E-06
2161.02,90.0976,0.961231429,2.48879E-06
2162.022,90.098,0.96123389,2.48051E-06
2163.018,90.098,0.961236293,2.43727E-06
2164.02,90.0979,0.961238691,2.41764E-06
2165.022,90.0974,0.961241124,2.45292E-06
2166.018,90.0977,0.961243509,2.41803E-06
2167.02,90.0977,0.961245856,2.36611E-06
2168.022,90.0976,0.961248214,2.37701E-06
2169.018,90.0979,0.961250609,2.42866E-06
2170.02,90.0976,0.961253031,2.44183E-06
2171.022,90.0979,0.961255476,2.46511E-06
2172.018,90.0974,0.961257879,2.43694E-06
2173.02,90.0979,0.961260301,2.44157E-06
2174.022,90.0977,0.96126273,2.44816E-06
2175.018,90.0976,0.961265149,2.4537E-06
2176.02,90.0978,0.961267558,2.42833E-06
2177.022,90.0973,0.961269992,2.45429E-06
2178.018,90.0975,0.961272474,2.51631E-06
2179.02,90.0975,0.961274954,2.50014E-06
2180.022,90.0978,0.96127738,2.44607E-06
2181.018,90.0978,0.961279827,2.48194E-06
2182.02,90.0978,0.961282287,2.47966E-06
2183.022,90.0981,0.961284721,2.45344E-06
2184.018,90.0977,0.961287177,2.49048E-06
2185.02,90.0978,0.961289668,2.51122E-06
2186.022,90.0978,0.961292107,2.4584E-06
2187.018,90.0976,0.961294526,2.45364E-06
2188.02,90.0976,0.961296973,2.46648E-06
2189.022,90.0977,0.961299387,2.4344E-06
2190.018,90.098,0.96130175,2.39559E-06
2191.02,90.0979,0.961304084,2.35294E-06
2192.022,90.0979,0.961306383,2.31753E-06
2193.018,90.0981,0.961308622,2.27122E-06
2194.02,90.098,0.961310884,2.2797E-06
2195.022,90.0979,0.961313171,2.30631E-06
2196.018,90.0978,0.961315399,2.25961E-06
2197.02,90.0976,0.961317624,2.24253E-06
2198.022,90.0981,0.961319775,2.1685E-06
2199.018,90.0976,0.96132196,2.21618E-06
2200.02,90.0979,0.961324187,2.24513E-06
2201.022,90.0975,0.961326389,2.21898E-06
2202.018,90.0977,0.961328577,2.21918E-06
2203.02,90.0976,0.96133076,2.20033E-06
2204.022,90.0976,0.961332978,2.23659E-06
2205.018,90.0978,0.961335203,2.2559E-06
2206.02,90.0975,0.961337458,2.27396E-06
2207.022,90.0974,0.961339722,2.28198E-06
2208.018,90.0976,0.961341969,2.27853E-06
2209.02,90.0981,0.961344154,2.203E-06
2210.022,90.098,0.961346333,2.197E-06
2211.018,90.0979,0.961348519,2.21618E-06
2212.02,90.0973,0.961350722,2.22074E-06
2213.022,90.0976,0.961352969,2.26561E-06
2214.018,90.0976,0.961355176,2.23822E-06
2215.02,90.0977,0.961357454,2.2962E-06
2216.022,90.0978,0.961359734,2.29835E-06
2217.018,90.0977,0.961361977,2.27526E-06
2218.02,90.0977,0.961364258,2.29953E-06
2219.022,90.0979,0.961366565,2.32529E-06
2220.018,90.0976,0.961368873,2.34087E-06
2221.02,90.0974,0.961371168,2.31368E-06
2222.022,90.0973,0.961373493,2.34309E-06
2223.018,90.0975,0.961375779,2.31903E-06
2224.02,90.0973,0.961378042,2.28061E-06
2225.022,90.0971,0.961380331,2.30794E-06
2226.018,90.0973,0.961382558,2.25883E-06
2227.02,90.0975,0.961384784,2.24344E-06
2228.022,90.0971,0.961386915,2.14829E-06
2229.018,90.0972,0.961389062,2.17744E-06
2230.02,90.0971,0.961391191,2.14652E-06
2231.022,90.0973,0.961393309,2.1355E-06
2232.018,90.0977,0.961395416,2.13681E-06
2233.02,90.0977,0.961397468,2.06807E-06
2234.022,90.0974,0.96139951,2.05868E-06
2235.018,90.0973,0.961401565,2.08365E-06
2236.02,90.0972,0.961403598,2.04974E-06
2237.022,90.0973,0.961405631,2.04935E-06
2238.018,90.0976,0.961407641,2.0382E-06
2239.02,90.0974,0.961409638,2.01309E-06
2240.022,90.0976,0.96141164,2.01876E-06
2241.018,90.0973,0.961413598,1.98563E-06
2242.02,90.0976,0.961415573,1.99046E-06
2243.022,90.0971,0.961417523,1.96613E-06
2244.018,90.0976,0.961419454,1.9587E-06
2245.02,90.0976,0.961421375,1.93652E-06
2246.022,90.097,0.961423284,1.92387E-06
2247.018,90.0976,0.961425183,1.92648E-06
2248.02,90.0978,0.96142709,1.92178E-06
2249.022,90.0974,0.961428994,1.92002E-06
2250.018,90.0974,0.961430925,1.95811E-06
2251.02,90.0974,0.961432838,1.9283E-06
2252.022,90.0974,0.961434762,1.93939E-06
2253.018,90.0971,0.961436653,1.9182E-06
2254.02,90.0977,0.961438499,1.8608E-06
2255.022,90.0974,0.961440264,1.77915E-06
2256.018,90.0973,0.96144202,1.78091E-06
2257.02,90.0976,0.961443812,1.80661E-06
2258.022,90.0972,0.961445579,1.7813E-06
2259.018,90.0973,0.961447362,1.80804E-06
2260.02,90.0976,0.961449125,1.77693E-06
2261.022,90.0975,0.961450877,1.76611E-06
2262.018,90.0974,0.961452607,1.75482E-06
2263.02,90.097,0.961454249,1.65556E-06
2264.022,90.0974,0.961455931,1.69508E-06
2265.018,90.0974,0.961457491,1.58271E-06
2266.02,90.0974,0.961459039,1.56047E-06
2267.022,90.0974,0.961460605,1.57808E-06
2268.018,90.0976,0.961462121,1.53784E-06
2269.02,90.0972,0.961463575,1.46578E-06
2270.022,90.0972,0.961465062,1.49858E-06
2271.018,90.0975,0.961466511,1.47028E-06
2272.02,90.0972,0.961467903,1.40336E-06
2273.022,90.0973,0.961469295,1.40245E-06
2274.018,90.0972,0.961470649,1.37336E-06
2275.02,90.0974,0.961471944,1.3058E-06
2276.022,90.0975,0.961473237,1.30306E-06
2277.018,90.0977,0.961474563,1.34499E-06
2278.02,90.0976,0.961475914,1.36169E-06
2279.022,90.0973,0.961477223,1.31956E-06
2280.018,90.0973,0.9614785,1.29497E-06
2281.02,90.0972,0.961479826,1.33671E-06
2282.022,90.0974,0.961481166,1.35138E-06
2283.018,90.0972,0.961482485,1.33756E-06
2284.02,90.0973,0.961483843,1.3688E-06
2285.022,90.0973,0.96148522,1.38791E-06
2286.018,90.0974,0.961486526,1.32523E-06
2287.02,90.0974,0.961487867,1.35184E-06
2288.022,90.0977,0.961489206,1.34975E-06
2289.018,90.0975,0.961490478,1.28923E-06
2290.02,90.0973,0.961491754,1.28714E-06
2291.022,90.0976,0.961493055,1.31095E-06
2292.018,90.0975,0.961494324,1.28767E-06
2293.02,90.0976,0.961495599,1.28486E-06
2294.022,90.0978,0.961496841,1.2518E-06
2295.018,90.0978,0.961498089,1.26595E-06
2296.02,90.0975,0.961499379,1.30045E-06
2297.022,90.0973,0.961500704,1.33593E-06
2298.018,90.0973,0.961501984,1.29817E-06
2299.02,90.0973,0.961503222,1.24814E-06
2300.022,90.0972,0.96150442,1.20758E-06
2301.018,90.0974,0.961505638,1.23451E-06
2302.02,90.0973,0.961506822,1.19362E-06
2303.022,90.0972,0.961508016,1.20347E-06
2304.018,90.0975,0.961509178,1.17901E-06
2305.02,90.0972,0.961510287,1.11745E-06
2306.022,90.0975,0.961511372,1.09377E-06
2307.018,90.0973,0.961512457,1.10082E-06
2308.02,90.0974,0.96151347,1.02086E-06
2309.022,90.0975,0.961514459,9.97576E-07
2310.018,90.0975,0.961515419,9.73315E-07
2311.02,90.0976,0.961516323,9.11423E-07
2312.022,90.0979,0.961517217,9.0138E-07
2313.018,90.0975,0.96151814,9.35684E-07
2314.02,90.0977,0.961519013,8.8051E-07
2315.022,90.0974,0.96151987,8.63684E-07
2316.018,90.0977,0.961520694,8.3577E-07
2317.02,90.0976,0.961521524,8.36814E-07
2318.022,90.0975,0.961522312,7.93705E-07
2319.018,90.0974,0.961523043,7.4153E-07
2320.02,90.0972,0.961523792,7.55422E-07
2321.022,90.0977,0.961524544,7.57835E-07
2322.018,90.0976,0.961525266,7.32073E-07
2323.02,90.0976,0.961525925,6.64116E-07
2324.022,90.0974,0.961526569,6.49703E-07
2325.018,90.0977,0.961527161,5.99942E-07
2326.02,90.0975,0.961527763,6.06855E-07
2327.022,90.0976,0.961528323,5.65376E-07
2328.018,90.0978,0.961528889,5.73072E-07
2329.02,90.0971,0.961529392,5.07984E-07
2330.022,90.0974,0.961529912,5.23897E-07
2331.018,90.0972,0.961530397,4.91419E-07
2332.02,90.0973,0.96153086,4.66831E-07
2333.022,90.097,0.961531305,4.48309E-07
2334.018,90.0974,0.961531685,3.85896E-07
2335.02,90.0969,0.961532078,3.95678E-07
2336.022,90.0975,0.961532454,3.79048E-07
2337.018,90.0974,0.961532775,3.25699E-07
2338.02,90.0973,0.961533071,2.9909E-07
2339.022,90.0973,0.961533332,2.62568E-07
2340.018,90.0978,0.961533565,2.36285E-07
2341.02,90.0971,0.961533728,1.64611E-07
2342.022,90.0973,0.961533906,1.78828E-07
2343.018,90.097,0.961534049,1.45306E-07
2344.02,90.0973,0.961534163,1.1511E-07
2345.022,90.0978,0.96153425,8.80445E-08
2346.018,90.0974,0.961534311,6.19572E-08
2347.02,90.0975,0.961534413,1.02262E-07
2348.022,90.0973,0.961534484,7.21313E-08
2349.018,90.0976,0.96153457,8.66749E-08
2350.02,90.0971,0.961534651,8.1327E-08
2351.022,90.0973,0.961534708,5.8305E-08
2352.018,90.0972,0.961534692,-1.70871E-08
2353.02,90.0977,0.9615347,8.86967E-09
2354.022,90.0975,0.961534669,-3.16308E-08
2355.018,90.0973,0.961534683,1.47393E-08
2356.02,90.0974,0.961534741,5.79789E-08
2357.022,90.0976,0.961534789,4.83919E-08
2358.018,90.0977,0.961534821,3.26743E-08
2359.02,90.0976,0.961534849,2.76525E-08
2360.022,90.0972,0.961534902,5.38702E-08
2361.018,90.0977,0.961534967,6.62616E-08
2362.02,90.0974,0.961535024,5.70659E-08
2363.022,90.0972,0.961535106,8.29575E-08
2364.018,90.0974,0.96153521,1.04871E-07
2365.02,90.0977,0.961535206,-3.32612E-09
2366.022,90.0974,0.961535191,-1.53263E-08
2367.018,90.0973,0.961535234,4.29787E-08
2368.02,90.0975,0.961535245,1.10871E-08
2369.022,90.0972,0.961535266,2.15872E-08
2370.018,90.0976,0.961535298,3.28047E-08
2371.02,90.0978,0.961535286,-1.25871E-08
2372.022,90.0976,0.961535267,-1.89785E-08
